Year,Month,Country,Model,Segment,Engine_Type, Price_Usd , Marketing_Spend_Usd ,Dealership_Count, Fuel_Price_Usd ,Gdp_Growth_Percent,Interest_Rate_Percent,Competition_Index,Units_Sold,Gross Revenue,Net Revenue
2021,Jan,Australia,X1,SUV,Petrol," $82,234.00 "," $315,372.00 ",96, $0.97 ,6.29,1.2,8,324," $26,643,816.00 "," $26,328,444.00 "
2018,Aug,Australia,I4,Sedan,Electric," $82,291.00 "," $447,798.00 ",234, $0.97 ,6.29,1.2,7,556," $45,753,796.00 "," $45,305,998.00 "
2022,Dec,USA,5 SERIES,Sedan,Hybrid," $40,594.00 "," $259,755.00 ",25, $0.97 ,6.29,1.2,7,152," $6,170,288.00 "," $5,910,533.00 "
2019,Nov,Australia,I7,Sedan,Electric," $42,371.00 "," $323,541.00 ",319, $0.97 ,6.29,1.2,5,730," $30,930,830.00 "," $30,607,289.00 "
2021,Dec,Brazil,X5,SUV,Diesel," $82,315.00 "," $482,015.00 ",367, $0.97 ,6.29,1.2,2,1156," $95,156,140.00 "," $94,674,125.00 "
2024,Dec,China,I7,Sedan,Diesel," $118,564.00 "," $349,155.00 ",172, $0.97 ,6.29,1.2,6,687," $81,453,468.00 "," $81,104,313.00 "
2017,Apr,USA,I4,Sedan,Diesel," $114,526.00 "," $129,183.00 ",107, $0.97 ,6.29,1.2,10,439," $50,276,914.00 "," $50,147,731.00 "
2021,Apr,USA,X7,SUV,Diesel," $51,626.00 "," $405,398.00 ",165, $0.97 ,6.29,1.2,3,489," $25,245,114.00 "," $24,839,716.00 "
2022,May,India,3 SERIES,Sedan,Petrol," $42,130.00 "," $487,480.00 ",11, $0.97 ,6.29,1.2,4,435," $18,326,550.00 "," $17,839,070.00 "
2019,Aug,UK,7 SERIES,Sedan,Petrol," $41,828.00 "," $92,317.00 ",359, $0.97 ,6.29,1.2,10,1080," $45,174,240.00 "," $45,081,923.00 "
2018,May,UK,5 SERIES,Sedan,Electric," $92,514.00 "," $228,986.00 ",178, $0.97 ,6.29,1.2,2,447," $41,353,758.00 "," $41,124,772.00 "
2022,Aug,Brazil,X3,SUV,Hybrid," $87,664.00 "," $265,705.00 ",324, $0.97 ,6.29,1.2,2,827," $72,498,128.00 "," $72,232,423.00 "
2022,Oct,Canada,X3,SUV,Diesel," $52,883.00 "," $414,633.00 ",334, $0.97 ,6.29,1.2,8,712," $37,652,696.00 "," $37,238,063.00 "
2017,Jan,Germany,X3,SUV,Electric," $78,059.00 "," $226,326.00 ",384, $0.97 ,6.29,1.2,8,1181," $92,187,679.00 "," $91,961,353.00 "
2020,Dec,Germany,X1,SUV,Petrol," $119,078.00 "," $352,240.00 ",101, $0.97 ,6.29,1.2,10,307," $36,556,946.00 "," $36,204,706.00 "
2019,Oct,France,X3,SUV,Petrol," $77,932.00 "," $365,929.00 ",190, $0.97 ,6.29,1.2,6,725," $56,500,700.00 "," $56,134,771.00 "
2016,Sep,Brazil,7 SERIES,Sedan,Hybrid," $96,269.00 "," $102,344.00 ",240, $0.97 ,6.29,1.2,5,588," $56,606,172.00 "," $56,503,828.00 "
2022,Jun,USA,3 SERIES,Sedan,Hybrid," $110,986.00 "," $296,060.00 ",310, $0.97 ,6.29,1.2,8,644," $71,474,984.00 "," $71,178,924.00 "
2020,Mar,Brazil,X3,SUV,Hybrid," $37,035.00 "," $432,526.00 ",157, $0.97 ,6.29,1.2,4,534," $19,776,690.00 "," $19,344,164.00 "
2016,Aug,Brazil,I7,Sedan,Electric," $75,745.00 "," $249,618.00 ",289, $0.97 ,6.29,1.2,4,1004," $76,047,980.00 "," $75,798,362.00 "
2019,Sep,Brazil,I7,Sedan,Petrol," $52,241.00 "," $209,484.00 ",198, $0.97 ,6.29,1.2,5,544," $28,419,104.00 "," $28,209,620.00 "
2015,Jun,UK,X1,SUV,Petrol," $87,975.00 "," $160,489.00 ",356, $0.97 ,6.29,1.2,1,751," $66,069,225.00 "," $65,908,736.00 "
2024,Nov,Brazil,7 SERIES,Sedan,Hybrid," $58,154.00 "," $494,874.00 ",359, $0.97 ,6.29,1.2,1,1061," $61,701,394.00 "," $61,206,520.00 "
2020,Jul,China,3 SERIES,Sedan,Diesel," $60,625.00 "," $492,765.00 ",323, $0.97 ,6.29,1.2,2,954," $57,836,250.00 "," $57,343,485.00 "
2023,Jan,Germany,5 SERIES,Sedan,Hybrid," $79,950.00 "," $308,667.00 ",137, $0.97 ,6.29,1.2,8,673," $53,806,350.00 "," $53,497,683.00 "
2015,May,France,I4,Sedan,Electric," $91,396.00 "," $61,549.00 ",16, $0.97 ,6.29,1.2,7,15," $1,370,940.00 "," $1,309,391.00 "
2024,May,China,3 SERIES,Sedan,Hybrid," $48,331.00 "," $75,739.00 ",56, $0.97 ,6.29,1.2,10,107," $5,171,417.00 "," $5,095,678.00 "
2017,Oct,France,I4,Sedan,Hybrid," $98,927.00 "," $333,353.00 ",62, $0.97 ,6.29,1.2,9,523," $51,738,821.00 "," $51,405,468.00 "
2021,Apr,India,X7,SUV,Electric," $119,719.00 "," $157,051.00 ",196, $0.97 ,6.29,1.2,5,782," $93,620,258.00 "," $93,463,207.00 "
2018,Jun,France,I4,Sedan,Hybrid," $98,014.00 "," $65,116.00 ",47, $0.97 ,6.29,1.2,2,397," $38,911,558.00 "," $38,846,442.00 "
2023,Jul,Germany,X5,SUV,Petrol," $74,346.00 "," $70,045.00 ",235, $0.97 ,6.29,1.2,7,773," $57,469,458.00 "," $57,399,413.00 "
2017,Sep,Germany,I7,Sedan,Diesel," $105,411.00 "," $469,543.00 ",62, $0.97 ,6.29,1.2,8,179," $18,868,569.00 "," $18,399,026.00 "
2019,Jan,Brazil,7 SERIES,Sedan,Hybrid," $89,478.00 "," $85,709.00 ",233, $0.97 ,6.29,1.2,7,652," $58,339,656.00 "," $58,253,947.00 "
2017,Jun,Japan,IX,SUV,Electric," $47,254.00 "," $355,761.00 ",163, $0.97 ,6.29,1.2,7,389," $18,381,806.00 "," $18,026,045.00 "
2021,Jul,India,X1,SUV,Diesel," $90,734.00 "," $207,977.00 ",57, $0.97 ,6.29,1.2,5,213," $19,326,342.00 "," $19,118,365.00 "
2019,Mar,USA,X5,SUV,Electric," $63,621.00 "," $253,675.00 ",360, $0.97 ,6.29,1.2,2,945," $60,121,845.00 "," $59,868,170.00 "
2023,Aug,Australia,I4,Sedan,Diesel," $111,441.00 "," $279,167.00 ",156, $0.97 ,6.29,1.2,6,705," $78,565,905.00 "," $78,286,738.00 "
2021,May,France,X3,SUV,Diesel," $81,121.00 "," $431,923.00 ",73, $0.97 ,6.29,1.2,4,368," $29,852,528.00 "," $29,420,605.00 "
2016,Sep,Japan,7 SERIES,Sedan,Hybrid," $116,418.00 "," $355,063.00 ",358, $0.97 ,6.29,1.2,10,743," $86,498,574.00 "," $86,143,511.00 "
2018,May,Brazil,X5,SUV,Petrol," $95,197.00 "," $395,665.00 ",191, $0.97 ,6.29,1.2,2,805," $76,633,585.00 "," $76,237,920.00 "
2023,Sep,UK,X1,SUV,Hybrid," $119,577.00 "," $269,222.00 ",134, $0.97 ,6.29,1.2,9,380," $45,439,260.00 "," $45,170,038.00 "
2016,Oct,USA,I7,Sedan,Electric," $77,431.00 "," $239,518.00 ",188, $0.97 ,6.29,1.2,7,543," $42,045,033.00 "," $41,805,515.00 "
2024,Apr,Canada,7 SERIES,Sedan,Electric," $39,837.00 "," $233,500.00 ",48, $0.97 ,6.29,1.2,6,429," $17,090,073.00 "," $16,856,573.00 "
2023,Sep,Japan,X1,SUV,Diesel," $118,163.00 "," $491,110.00 ",269, $0.97 ,6.29,1.2,5,661," $78,105,743.00 "," $77,614,633.00 "
2024,May,UK,X7,SUV,Diesel," $106,232.00 "," $318,591.00 ",391, $0.97 ,6.29,1.2,3,1001," $106,338,232.00 "," $106,019,641.00 "
2019,Oct,India,X7,SUV,Petrol," $83,994.00 "," $55,499.00 ",12, $0.97 ,6.29,1.2,10,413," $34,689,522.00 "," $34,634,023.00 "
2016,Sep,Brazil,X1,SUV,Hybrid," $114,079.00 "," $89,041.00 ",73, $0.97 ,6.29,1.2,10,396," $45,175,284.00 "," $45,086,243.00 "
2018,Mar,USA,X5,SUV,Electric," $47,615.00 "," $343,459.00 ",38, $0.97 ,6.29,1.2,4,225," $10,713,375.00 "," $10,369,916.00 "
2021,Apr,USA,7 SERIES,Sedan,Diesel," $36,466.00 "," $182,371.00 ",381, $0.97 ,6.29,1.2,3,992," $36,174,272.00 "," $35,991,901.00 "
2022,Sep,USA,X5,SUV,Petrol," $65,771.00 "," $432,650.00 ",20, $0.97 ,6.29,1.2,8,476," $31,306,996.00 "," $30,874,346.00 "
2017,Oct,India,5 SERIES,Sedan,Electric," $118,886.00 "," $186,066.00 ",106, $0.97 ,6.29,1.2,3,357," $42,442,302.00 "," $42,256,236.00 "
2015,Nov,France,I4,Sedan,Diesel," $100,911.00 "," $276,486.00 ",367, $0.97 ,6.29,1.2,7,1145," $115,543,095.00 "," $115,266,609.00 "
2018,Jun,Canada,5 SERIES,Sedan,Electric," $55,746.00 "," $262,235.00 ",212, $0.97 ,6.29,1.2,7,679," $37,851,534.00 "," $37,589,299.00 "
2016,Feb,India,X7,SUV,Petrol," $95,739.00 "," $307,831.00 ",30, $0.97 ,6.29,1.2,7,184," $17,615,976.00 "," $17,308,145.00 "
2022,Jul,Australia,I7,Sedan,Petrol," $108,369.00 "," $450,705.00 ",48, $0.97 ,6.29,1.2,7,205," $22,215,645.00 "," $21,764,940.00 "
2018,Feb,Canada,3 SERIES,Sedan,Electric," $36,893.00 "," $403,791.00 ",232, $0.97 ,6.29,1.2,2,534," $19,700,862.00 "," $19,297,071.00 "
2016,Nov,Germany,I4,Sedan,Hybrid," $65,573.00 "," $344,499.00 ",111, $0.97 ,6.29,1.2,10,578," $37,901,194.00 "," $37,556,695.00 "
2020,Feb,Brazil,X7,SUV,Electric," $75,874.00 "," $385,949.00 ",55, $0.97 ,6.29,1.2,3,292," $22,155,208.00 "," $21,769,259.00 "
2020,Nov,India,X5,SUV,Diesel," $112,362.00 "," $380,511.00 ",75, $0.97 ,6.29,1.2,10,495," $55,619,190.00 "," $55,238,679.00 "
2024,Jan,UK,X5,SUV,Hybrid," $68,367.00 "," $422,050.00 ",100, $0.97 ,6.29,1.2,9,576," $39,379,392.00 "," $38,957,342.00 "
2018,Nov,Canada,X5,SUV,Diesel," $56,199.00 "," $429,553.00 ",173, $0.97 ,6.29,1.2,3,534," $30,010,266.00 "," $29,580,713.00 "
2020,Nov,Australia,I7,Sedan,Electric," $109,328.00 "," $389,499.00 ",120, $0.97 ,6.29,1.2,2,453," $49,525,584.00 "," $49,136,085.00 "
2016,Dec,Germany,5 SERIES,Sedan,Hybrid," $92,724.00 "," $166,220.00 ",347, $0.97 ,6.29,1.2,9,1070," $99,214,680.00 "," $99,048,460.00 "
2024,Nov,France,3 SERIES,Sedan,Diesel," $71,405.00 "," $271,421.00 ",132, $0.97 ,6.29,1.2,10,348," $24,848,940.00 "," $24,577,519.00 "
2016,Mar,UK,X5,SUV,Electric," $50,989.00 "," $399,317.00 ",202, $0.97 ,6.29,1.2,9,651," $33,193,839.00 "," $32,794,522.00 "
2024,Jun,Canada,IX,SUV,Electric," $63,931.00 "," $314,140.00 ",108, $0.97 ,6.29,1.2,4,307," $19,626,817.00 "," $19,312,677.00 "
2018,Aug,Brazil,I4,Sedan,Hybrid," $44,290.00 "," $301,071.00 ",300, $0.97 ,6.29,1.2,9,951," $42,119,790.00 "," $41,818,719.00 "
2022,Sep,UK,7 SERIES,Sedan,Electric," $73,367.00 "," $356,531.00 ",168, $0.97 ,6.29,1.2,3,393," $28,833,231.00 "," $28,476,700.00 "
2021,Jul,Germany,IX,SUV,Petrol," $114,878.00 "," $53,089.00 ",112, $0.97 ,6.29,1.2,7,453," $52,039,734.00 "," $51,986,645.00 "
2023,Apr,UK,3 SERIES,Sedan,Diesel," $114,481.00 "," $410,971.00 ",394, $0.97 ,6.29,1.2,7,1190," $136,232,390.00 "," $135,821,419.00 "
2022,Jun,China,I7,Sedan,Diesel," $111,298.00 "," $332,803.00 ",290, $0.97 ,6.29,1.2,8,847," $94,269,406.00 "," $93,936,603.00 "
2019,May,Japan,3 SERIES,Sedan,Electric," $65,133.00 "," $357,322.00 ",52, $0.97 ,6.29,1.2,10,117," $7,620,561.00 "," $7,263,239.00 "
2016,Aug,France,7 SERIES,Sedan,Electric," $62,052.00 "," $145,965.00 ",93, $0.97 ,6.29,1.2,4,518," $32,142,936.00 "," $31,996,971.00 "
2019,Jan,Germany,I4,Sedan,Petrol," $75,475.00 "," $131,268.00 ",200, $0.97 ,6.29,1.2,3,610," $46,039,750.00 "," $45,908,482.00 "
2022,Jan,UK,7 SERIES,Sedan,Hybrid," $117,666.00 "," $397,186.00 ",60, $0.97 ,6.29,1.2,3,260," $30,593,160.00 "," $30,195,974.00 "
2024,Nov,Japan,X1,SUV,Electric," $92,656.00 "," $418,615.00 ",395, $0.97 ,6.29,1.2,5,1115," $103,311,440.00 "," $102,892,825.00 "
2023,Jun,Japan,I4,Sedan,Electric," $39,633.00 "," $251,798.00 ",219, $0.97 ,6.29,1.2,1,677," $26,831,541.00 "," $26,579,743.00 "
2023,Oct,UK,3 SERIES,Sedan,Electric," $52,304.00 "," $382,255.00 ",135, $0.97 ,6.29,1.2,10,370," $19,352,480.00 "," $18,970,225.00 "
2015,Dec,Brazil,X5,SUV,Electric," $81,546.00 "," $287,103.00 ",78, $0.97 ,6.29,1.2,3,532," $43,382,472.00 "," $43,095,369.00 "
2023,Feb,China,3 SERIES,Sedan,Diesel," $42,008.00 "," $294,754.00 ",274, $0.97 ,6.29,1.2,6,691," $29,027,528.00 "," $28,732,774.00 "
2021,May,India,3 SERIES,Sedan,Electric," $83,291.00 "," $215,637.00 ",267, $0.97 ,6.29,1.2,3,899," $74,878,609.00 "," $74,662,972.00 "
2023,Jan,China,I4,Sedan,Diesel," $62,405.00 "," $412,579.00 ",197, $0.97 ,6.29,1.2,5,605," $37,755,025.00 "," $37,342,446.00 "
2022,Jul,UK,X1,SUV,Electric," $71,386.00 "," $139,242.00 ",239, $0.97 ,6.29,1.2,9,474," $33,836,964.00 "," $33,697,722.00 "
2015,Jan,France,3 SERIES,Sedan,Hybrid," $55,827.00 "," $425,348.00 ",198, $0.97 ,6.29,1.2,2,706," $39,413,862.00 "," $38,988,514.00 "
2022,Apr,India,IX,SUV,Petrol," $68,040.00 "," $203,956.00 ",19, $0.97 ,6.29,1.2,2,272," $18,506,880.00 "," $18,302,924.00 "
2022,Sep,Germany,X7,SUV,Hybrid," $95,354.00 "," $329,343.00 ",123, $0.97 ,6.29,1.2,6,531," $50,632,974.00 "," $50,303,631.00 "
2017,Jan,China,X3,SUV,Electric," $113,543.00 "," $110,038.00 ",85, $0.97 ,6.29,1.2,6,586," $66,536,198.00 "," $66,426,160.00 "
2015,Apr,UK,X3,SUV,Electric," $53,157.00 "," $107,786.00 ",173, $0.97 ,6.29,1.2,8,667," $35,455,719.00 "," $35,347,933.00 "
2022,Jun,China,3 SERIES,Sedan,Electric," $70,315.00 "," $421,780.00 ",94, $0.97 ,6.29,1.2,2,559," $39,306,085.00 "," $38,884,305.00 "
2017,Jun,India,IX,SUV,Hybrid," $70,932.00 "," $286,042.00 ",58, $0.97 ,6.29,1.2,9,502," $35,607,864.00 "," $35,321,822.00 "
2017,Dec,Australia,X5,SUV,Electric," $56,164.00 "," $361,438.00 ",335, $0.97 ,6.29,1.2,2,822," $46,166,808.00 "," $45,805,370.00 "
2015,Aug,Canada,I7,Sedan,Hybrid," $49,414.00 "," $259,087.00 ",186, $0.97 ,6.29,1.2,1,564," $27,869,496.00 "," $27,610,409.00 "
2019,Jan,China,I7,Sedan,Diesel," $49,327.00 "," $215,250.00 ",396, $0.97 ,6.29,1.2,10,1066," $52,582,582.00 "," $52,367,332.00 "
2024,Jul,Germany,I4,Sedan,Petrol," $35,946.00 "," $455,881.00 ",398, $0.97 ,6.29,1.2,2,871," $31,308,966.00 "," $30,853,085.00 "
2021,Jan,Germany,X3,SUV,Petrol," $49,693.00 "," $312,678.00 ",227, $0.97 ,6.29,1.2,7,592," $29,418,256.00 "," $29,105,578.00 "
2024,Jul,USA,3 SERIES,Sedan,Hybrid," $62,241.00 "," $403,972.00 ",198, $0.97 ,6.29,1.2,8,508," $31,618,428.00 "," $31,214,456.00 "
2023,Mar,China,I7,Sedan,Diesel," $50,540.00 "," $348,276.00 ",355, $0.97 ,6.29,1.2,5,1177," $59,485,580.00 "," $59,137,304.00 "
2021,Nov,Canada,3 SERIES,Sedan,Hybrid," $107,255.00 "," $427,864.00 ",239, $0.97 ,6.29,1.2,6,630," $67,570,650.00 "," $67,142,786.00 "
2023,Aug,Brazil,I4,Sedan,Diesel," $99,757.00 "," $348,254.00 ",264, $0.97 ,6.29,1.2,1,845," $84,294,665.00 "," $83,946,411.00 "
2022,Mar,Japan,X3,SUV,Electric," $76,203.00 "," $239,826.00 ",245, $0.97 ,6.29,1.2,6,880," $67,058,640.00 "," $66,818,814.00 "
2016,Jan,Canada,7 SERIES,Sedan,Diesel," $60,081.00 "," $375,724.00 ",35, $0.97 ,6.29,1.2,8,100," $6,008,100.00 "," $5,632,376.00 "
2015,Aug,Japan,X7,SUV,Diesel," $96,861.00 "," $465,685.00 ",81, $0.97 ,6.29,1.2,3,451," $43,684,311.00 "," $43,218,626.00 "
2021,Mar,Japan,X7,SUV,Diesel," $46,350.00 "," $376,160.00 ",270, $0.97 ,6.29,1.2,1,944," $43,754,400.00 "," $43,378,240.00 "
2021,Feb,Australia,I7,Sedan,Petrol," $90,512.00 "," $96,233.00 ",263, $0.97 ,6.29,1.2,4,705," $63,810,960.00 "," $63,714,727.00 "
2022,Jan,USA,X7,SUV,Diesel," $91,809.00 "," $442,007.00 ",280, $0.97 ,6.29,1.2,1,947," $86,943,123.00 "," $86,501,116.00 "
2019,Mar,Canada,7 SERIES,Sedan,Electric," $77,832.00 "," $247,780.00 ",132, $0.97 ,6.29,1.2,8,658," $51,213,456.00 "," $50,965,676.00 "
2017,Feb,Canada,3 SERIES,Sedan,Electric," $63,369.00 "," $274,522.00 ",153, $0.97 ,6.29,1.2,5,532," $33,712,308.00 "," $33,437,786.00 "
2022,Feb,Australia,I4,Sedan,Electric," $66,728.00 "," $156,311.00 ",266, $0.97 ,6.29,1.2,1,904," $60,322,112.00 "," $60,165,801.00 "
2020,Jun,China,7 SERIES,Sedan,Diesel," $52,576.00 "," $84,409.00 ",153, $0.97 ,6.29,1.2,8,728," $38,275,328.00 "," $38,190,919.00 "
2017,Dec,China,I4,Sedan,Hybrid," $64,001.00 "," $296,231.00 ",268, $0.97 ,6.29,1.2,9,709," $45,376,709.00 "," $45,080,478.00 "
2015,Jan,China,I4,Sedan,Hybrid," $118,384.00 "," $462,540.00 ",56, $0.97 ,6.29,1.2,10,368," $43,565,312.00 "," $43,102,772.00 "
2017,Feb,France,X3,SUV,Electric," $35,390.00 "," $451,954.00 ",360, $0.97 ,6.29,1.2,2,1007," $35,637,730.00 "," $35,185,776.00 "
2019,Jun,Japan,3 SERIES,Sedan,Petrol," $80,436.00 "," $336,198.00 ",22, $0.97 ,6.29,1.2,9,193," $15,524,148.00 "," $15,187,950.00 "
2017,Mar,France,IX,SUV,Hybrid," $46,569.00 "," $79,709.00 ",385, $0.97 ,6.29,1.2,8,874," $40,701,306.00 "," $40,621,597.00 "
2015,Apr,USA,X7,SUV,Diesel," $48,029.00 "," $159,321.00 ",217, $0.97 ,6.29,1.2,7,622," $29,874,038.00 "," $29,714,717.00 "
2019,Jan,Australia,IX,SUV,Hybrid," $57,490.00 "," $50,363.00 ",320, $0.97 ,6.29,1.2,3,1049," $60,307,010.00 "," $60,256,647.00 "
2024,Aug,Canada,X3,SUV,Electric," $80,875.00 "," $322,502.00 ",244, $0.97 ,6.29,1.2,2,857," $69,309,875.00 "," $68,987,373.00 "
2021,Jul,Japan,I4,Sedan,Petrol," $40,867.00 "," $446,456.00 ",158, $0.97 ,6.29,1.2,7,426," $17,409,342.00 "," $16,962,886.00 "
2021,Jul,France,I7,Sedan,Hybrid," $115,820.00 "," $95,689.00 ",331, $0.97 ,6.29,1.2,5,1055," $122,190,100.00 "," $122,094,411.00 "
2023,Mar,France,X7,SUV,Hybrid," $44,121.00 "," $314,080.00 ",164, $0.97 ,6.29,1.2,6,742," $32,737,782.00 "," $32,423,702.00 "
2024,Oct,UK,X7,SUV,Electric," $36,539.00 "," $424,416.00 ",175, $0.97 ,6.29,1.2,4,686," $25,065,754.00 "," $24,641,338.00 "
2024,Oct,France,3 SERIES,Sedan,Petrol," $52,027.00 "," $141,074.00 ",99, $0.97 ,6.29,1.2,2,299," $15,556,073.00 "," $15,414,999.00 "
2017,Mar,Brazil,X1,SUV,Petrol," $109,229.00 "," $225,037.00 ",195, $0.97 ,6.29,1.2,9,716," $78,207,964.00 "," $77,982,927.00 "
2021,Feb,Canada,5 SERIES,Sedan,Electric," $43,921.00 "," $258,606.00 ",327, $0.97 ,6.29,1.2,3,906," $39,792,426.00 "," $39,533,820.00 "
2015,Dec,Brazil,5 SERIES,Sedan,Diesel," $85,435.00 "," $50,882.00 ",367, $0.97 ,6.29,1.2,7,1038," $88,681,530.00 "," $88,630,648.00 "
2018,Jan,Canada,5 SERIES,Sedan,Hybrid," $45,310.00 "," $463,440.00 ",183, $0.97 ,6.29,1.2,8,421," $19,075,510.00 "," $18,612,070.00 "
2018,Jul,Australia,X1,SUV,Diesel," $98,965.00 "," $417,371.00 ",226, $0.97 ,6.29,1.2,2,551," $54,529,715.00 "," $54,112,344.00 "
2019,Jul,Canada,3 SERIES,Sedan,Hybrid," $104,922.00 "," $304,822.00 ",273, $0.97 ,6.29,1.2,6,941," $98,731,602.00 "," $98,426,780.00 "
2021,Dec,Brazil,X1,SUV,Hybrid," $117,839.00 "," $175,865.00 ",106, $0.97 ,6.29,1.2,8,626," $73,767,214.00 "," $73,591,349.00 "
2021,Feb,Canada,5 SERIES,Sedan,Diesel," $47,242.00 "," $173,745.00 ",126, $0.97 ,6.29,1.2,7,632," $29,856,944.00 "," $29,683,199.00 "
2018,Jul,Australia,X3,SUV,Electric," $43,947.00 "," $474,041.00 ",208, $0.97 ,6.29,1.2,3,837," $36,783,639.00 "," $36,309,598.00 "
2021,Aug,Australia,7 SERIES,Sedan,Electric," $106,466.00 "," $78,885.00 ",329, $0.97 ,6.29,1.2,1,749," $79,743,034.00 "," $79,664,149.00 "
2017,Jan,USA,I4,Sedan,Hybrid," $96,816.00 "," $221,128.00 ",30, $0.97 ,6.29,1.2,6,373," $36,112,368.00 "," $35,891,240.00 "
2020,Sep,Canada,X1,SUV,Electric," $83,785.00 "," $446,419.00 ",209, $0.97 ,6.29,1.2,8,753," $63,090,105.00 "," $62,643,686.00 "
2016,Jul,UK,3 SERIES,Sedan,Hybrid," $35,507.00 "," $241,313.00 ",380, $0.97 ,6.29,1.2,6,1169," $41,507,683.00 "," $41,266,370.00 "
2024,Mar,China,3 SERIES,Sedan,Electric," $101,972.00 "," $445,460.00 ",350, $0.97 ,6.29,1.2,5,780," $79,538,160.00 "," $79,092,700.00 "
2023,Aug,Germany,IX,SUV,Hybrid," $62,151.00 "," $410,466.00 ",257, $0.97 ,6.29,1.2,8,756," $46,986,156.00 "," $46,575,690.00 "
2019,Jul,Australia,7 SERIES,Sedan,Electric," $46,618.00 "," $380,763.00 ",285, $0.97 ,6.29,1.2,2,848," $39,532,064.00 "," $39,151,301.00 "
2020,Nov,India,I7,Sedan,Petrol," $109,286.00 "," $71,584.00 ",273, $0.97 ,6.29,1.2,1,911," $99,559,546.00 "," $99,487,962.00 "
2018,Aug,China,X7,SUV,Diesel," $51,122.00 "," $320,665.00 ",67, $0.97 ,6.29,1.2,1,530," $27,094,660.00 "," $26,773,995.00 "
2024,Jun,Japan,5 SERIES,Sedan,Petrol," $42,354.00 "," $231,089.00 ",311, $0.97 ,6.29,1.2,4,989," $41,888,106.00 "," $41,657,017.00 "
2021,Sep,Canada,I7,Sedan,Diesel," $65,979.00 "," $345,685.00 ",40, $0.97 ,6.29,1.2,6,203," $13,393,737.00 "," $13,048,052.00 "
2023,May,Brazil,IX,SUV,Diesel," $114,376.00 "," $79,063.00 ",258, $0.97 ,6.29,1.2,9,685," $78,347,560.00 "," $78,268,497.00 "
2021,Mar,Germany,5 SERIES,Sedan,Hybrid," $87,774.00 "," $120,268.00 ",102, $0.97 ,6.29,1.2,1,408," $35,811,792.00 "," $35,691,524.00 "
2015,Mar,India,7 SERIES,Sedan,Diesel," $40,037.00 "," $306,306.00 ",274, $0.97 ,6.29,1.2,1,762," $30,508,194.00 "," $30,201,888.00 "
2015,Jan,China,IX,SUV,Petrol," $63,633.00 "," $176,218.00 ",280, $0.97 ,6.29,1.2,5,941," $59,878,653.00 "," $59,702,435.00 "
2023,Dec,Canada,5 SERIES,Sedan,Petrol," $59,495.00 "," $430,350.00 ",103, $0.97 ,6.29,1.2,10,425," $25,285,375.00 "," $24,855,025.00 "
2023,Aug,USA,7 SERIES,Sedan,Electric," $99,550.00 "," $274,126.00 ",163, $0.97 ,6.29,1.2,5,596," $59,331,800.00 "," $59,057,674.00 "
2018,Feb,Japan,X5,SUV,Petrol," $116,384.00 "," $220,635.00 ",294, $0.97 ,6.29,1.2,5,769," $89,499,296.00 "," $89,278,661.00 "
2023,Mar,Germany,I7,Sedan,Electric," $71,483.00 "," $220,824.00 ",89, $0.97 ,6.29,1.2,10,543," $38,815,269.00 "," $38,594,445.00 "
2017,Aug,UK,I7,Sedan,Diesel," $108,373.00 "," $276,305.00 ",301, $0.97 ,6.29,1.2,6,997," $108,047,881.00 "," $107,771,576.00 "
2021,Aug,USA,X7,SUV,Petrol," $69,069.00 "," $445,783.00 ",93, $0.97 ,6.29,1.2,8,357," $24,657,633.00 "," $24,211,850.00 "
2020,Nov,India,7 SERIES,Sedan,Diesel," $42,370.00 "," $459,337.00 ",374, $0.97 ,6.29,1.2,3,1043," $44,191,910.00 "," $43,732,573.00 "
2022,Apr,Germany,X1,SUV,Petrol," $106,947.00 "," $444,890.00 ",383, $0.97 ,6.29,1.2,9,849," $90,798,003.00 "," $90,353,113.00 "
2023,Apr,USA,X5,SUV,Petrol," $74,133.00 "," $126,411.00 ",46, $0.97 ,6.29,1.2,1,122," $9,044,226.00 "," $8,917,815.00 "
2019,May,Japan,X3,SUV,Electric," $35,692.00 "," $159,876.00 ",351, $0.97 ,6.29,1.2,4,916," $32,693,872.00 "," $32,533,996.00 "
2015,Jun,UK,5 SERIES,Sedan,Diesel," $63,926.00 "," $248,153.00 ",336, $0.97 ,6.29,1.2,9,882," $56,382,732.00 "," $56,134,579.00 "
2017,May,USA,X5,SUV,Petrol," $108,984.00 "," $210,212.00 ",241, $0.97 ,6.29,1.2,8,472," $51,440,448.00 "," $51,230,236.00 "
2024,Jul,France,7 SERIES,Sedan,Hybrid," $78,390.00 "," $190,399.00 ",102, $0.97 ,6.29,1.2,10,448," $35,118,720.00 "," $34,928,321.00 "
2022,Feb,UK,I4,Sedan,Diesel," $84,593.00 "," $73,331.00 ",345, $0.97 ,6.29,1.2,9,956," $80,870,908.00 "," $80,797,577.00 "
2020,Jul,India,5 SERIES,Sedan,Diesel," $110,609.00 "," $73,004.00 ",111, $0.97 ,6.29,1.2,1,628," $69,462,452.00 "," $69,389,448.00 "
2022,Oct,Japan,3 SERIES,Sedan,Diesel," $40,209.00 "," $288,441.00 ",175, $0.97 ,6.29,1.2,9,806," $32,408,454.00 "," $32,120,013.00 "
2023,Jul,Canada,I7,Sedan,Electric," $41,533.00 "," $431,387.00 ",168, $0.97 ,6.29,1.2,3,465," $19,312,845.00 "," $18,881,458.00 "
2018,Jan,Brazil,7 SERIES,Sedan,Hybrid," $42,211.00 "," $453,708.00 ",23, $0.97 ,6.29,1.2,10,121," $5,107,531.00 "," $4,653,823.00 "
2015,Jul,Brazil,3 SERIES,Sedan,Diesel," $44,927.00 "," $498,013.00 ",382, $0.97 ,6.29,1.2,9,923," $41,467,621.00 "," $40,969,608.00 "
2015,May,Brazil,X7,SUV,Petrol," $112,463.00 "," $239,167.00 ",234, $0.97 ,6.29,1.2,1,507," $57,018,741.00 "," $56,779,574.00 "
2024,Mar,Germany,IX,SUV,Petrol," $59,594.00 "," $456,965.00 ",82, $0.97 ,6.29,1.2,1,288," $17,163,072.00 "," $16,706,107.00 "
2018,Mar,India,X3,SUV,Electric," $109,852.00 "," $375,361.00 ",258, $0.97 ,6.29,1.2,9,519," $57,013,188.00 "," $56,637,827.00 "
2021,Apr,Japan,X3,SUV,Petrol," $112,713.00 "," $139,044.00 ",100, $0.97 ,6.29,1.2,6,527," $59,399,751.00 "," $59,260,707.00 "
2016,Dec,UK,3 SERIES,Sedan,Diesel," $111,382.00 "," $321,189.00 ",225, $0.97 ,6.29,1.2,4,883," $98,350,306.00 "," $98,029,117.00 "
2017,Feb,Germany,I7,Sedan,Petrol," $42,933.00 "," $332,260.00 ",99, $0.97 ,6.29,1.2,7,361," $15,498,813.00 "," $15,166,553.00 "
2015,Feb,India,X7,SUV,Diesel," $75,696.00 "," $68,667.00 ",38, $0.97 ,6.29,1.2,5,388," $29,370,048.00 "," $29,301,381.00 "
2019,Jan,Canada,I4,Sedan,Petrol," $100,449.00 "," $387,201.00 ",314, $0.97 ,6.29,1.2,10,844," $84,778,956.00 "," $84,391,755.00 "
2015,May,France,I7,Sedan,Hybrid," $102,616.00 "," $124,205.00 ",229, $0.97 ,6.29,1.2,7,687," $70,497,192.00 "," $70,372,987.00 "
2022,Apr,Japan,X5,SUV,Electric," $41,089.00 "," $77,302.00 ",337, $0.97 ,6.29,1.2,8,880," $36,158,320.00 "," $36,081,018.00 "
2015,Nov,Brazil,X3,SUV,Electric," $91,548.00 "," $454,499.00 ",224, $0.97 ,6.29,1.2,8,887," $81,203,076.00 "," $80,748,577.00 "
2015,Oct,USA,X5,SUV,Hybrid," $61,123.00 "," $212,007.00 ",230, $0.97 ,6.29,1.2,1,788," $48,164,924.00 "," $47,952,917.00 "
2016,Feb,Japan,5 SERIES,Sedan,Hybrid," $42,797.00 "," $122,534.00 ",398, $0.97 ,6.29,1.2,8,1026," $43,909,722.00 "," $43,787,188.00 "
2016,Mar,Australia,X1,SUV,Electric," $85,013.00 "," $275,414.00 ",51, $0.97 ,6.29,1.2,6,347," $29,499,511.00 "," $29,224,097.00 "
2020,Jul,India,7 SERIES,Sedan,Hybrid," $43,346.00 "," $212,696.00 ",144, $0.97 ,6.29,1.2,4,386," $16,731,556.00 "," $16,518,860.00 "
2021,Jul,China,X7,SUV,Diesel," $68,672.00 "," $63,440.00 ",51, $0.97 ,6.29,1.2,8,187," $12,841,664.00 "," $12,778,224.00 "
2019,Dec,Canada,I7,Sedan,Petrol," $52,653.00 "," $423,145.00 ",173, $0.97 ,6.29,1.2,3,599," $31,539,147.00 "," $31,116,002.00 "
2015,Apr,France,X3,SUV,Electric," $84,556.00 "," $358,645.00 ",370, $0.97 ,6.29,1.2,4,815," $68,913,140.00 "," $68,554,495.00 "
2015,May,Canada,X5,SUV,Hybrid," $61,140.00 "," $444,485.00 ",292, $0.97 ,6.29,1.2,6,1044," $63,830,160.00 "," $63,385,675.00 "
2017,May,Japan,IX,SUV,Diesel," $36,184.00 "," $320,012.00 ",67, $0.97 ,6.29,1.2,7,536," $19,394,624.00 "," $19,074,612.00 "
2016,Jun,China,5 SERIES,Sedan,Electric," $69,493.00 "," $211,323.00 ",311, $0.97 ,6.29,1.2,4,967," $67,199,731.00 "," $66,988,408.00 "
2019,Sep,Australia,7 SERIES,Sedan,Hybrid," $79,148.00 "," $390,053.00 ",331, $0.97 ,6.29,1.2,4,744," $58,886,112.00 "," $58,496,059.00 "
2024,Feb,UK,7 SERIES,Sedan,Electric," $59,846.00 "," $134,523.00 ",34, $0.97 ,6.29,1.2,7,341," $20,407,486.00 "," $20,272,963.00 "
2020,May,USA,I7,Sedan,Hybrid," $57,195.00 "," $219,801.00 ",82, $0.97 ,6.29,1.2,6,511," $29,226,645.00 "," $29,006,844.00 "
2021,Dec,China,X7,SUV,Electric," $40,606.00 "," $65,734.00 ",382, $0.97 ,6.29,1.2,8,790," $32,078,740.00 "," $32,013,006.00 "
2018,Mar,India,I4,Sedan,Diesel," $38,956.00 "," $223,501.00 ",138, $0.97 ,6.29,1.2,1,457," $17,802,892.00 "," $17,579,391.00 "
2021,Apr,Brazil,IX,SUV,Diesel," $51,555.00 "," $222,409.00 ",96, $0.97 ,6.29,1.2,10,245," $12,630,975.00 "," $12,408,566.00 "
2022,Oct,Australia,I7,Sedan,Petrol," $53,690.00 "," $483,541.00 ",339, $0.97 ,6.29,1.2,7,818," $43,918,420.00 "," $43,434,879.00 "
2015,Jun,USA,X5,SUV,Electric," $93,502.00 "," $395,744.00 ",162, $0.97 ,6.29,1.2,7,596," $55,727,192.00 "," $55,331,448.00 "
2020,Dec,France,X1,SUV,Petrol," $83,849.00 "," $320,577.00 ",191, $0.97 ,6.29,1.2,7,396," $33,204,204.00 "," $32,883,627.00 "
2022,Aug,Brazil,3 SERIES,Sedan,Electric," $61,347.00 "," $190,183.00 ",134, $0.97 ,6.29,1.2,7,523," $32,084,481.00 "," $31,894,298.00 "
2019,Jan,Japan,I4,Sedan,Hybrid," $84,056.00 "," $153,986.00 ",76, $0.97 ,6.29,1.2,10,419," $35,219,464.00 "," $35,065,478.00 "
2018,Oct,China,X7,SUV,Hybrid," $98,851.00 "," $375,897.00 ",15, $0.97 ,6.29,1.2,10,173," $17,101,223.00 "," $16,725,326.00 "
2016,Aug,USA,5 SERIES,Sedan,Petrol," $116,502.00 "," $163,783.00 ",134, $0.97 ,6.29,1.2,8,393," $45,785,286.00 "," $45,621,503.00 "
2020,Nov,Germany,I4,Sedan,Electric," $116,418.00 "," $261,655.00 ",323, $0.97 ,6.29,1.2,9,654," $76,137,372.00 "," $75,875,717.00 "
2020,Jul,UK,X3,SUV,Petrol," $105,211.00 "," $333,895.00 ",335, $0.97 ,6.29,1.2,9,773," $81,328,103.00 "," $80,994,208.00 "
2015,Jan,UK,X7,SUV,Diesel," $76,850.00 "," $197,525.00 ",62, $0.97 ,6.29,1.2,2,211," $16,215,350.00 "," $16,017,825.00 "
2023,Feb,Australia,X1,SUV,Petrol," $113,545.00 "," $266,916.00 ",75, $0.97 ,6.29,1.2,7,375," $42,579,375.00 "," $42,312,459.00 "
2020,Mar,France,X3,SUV,Petrol," $62,843.00 "," $482,184.00 ",323, $0.97 ,6.29,1.2,7,975," $61,271,925.00 "," $60,789,741.00 "
2017,Jan,Australia,I4,Sedan,Hybrid," $97,320.00 "," $211,149.00 ",91, $0.97 ,6.29,1.2,4,396," $38,538,720.00 "," $38,327,571.00 "
2018,Sep,Germany,3 SERIES,Sedan,Petrol," $64,793.00 "," $289,654.00 ",96, $0.97 ,6.29,1.2,9,500," $32,396,500.00 "," $32,106,846.00 "
2018,Aug,India,3 SERIES,Sedan,Electric," $74,516.00 "," $477,991.00 ",11, $0.97 ,6.29,1.2,8,142," $10,581,272.00 "," $10,103,281.00 "
2017,Feb,France,X1,SUV,Hybrid," $52,857.00 "," $239,216.00 ",213, $0.97 ,6.29,1.2,1,523," $27,644,211.00 "," $27,404,995.00 "
2024,Sep,Canada,7 SERIES,Sedan,Petrol," $54,627.00 "," $360,714.00 ",159, $0.97 ,6.29,1.2,2,697," $38,075,019.00 "," $37,714,305.00 "
2017,Jul,India,IX,SUV,Diesel," $96,822.00 "," $227,169.00 ",302, $0.97 ,6.29,1.2,2,941," $91,109,502.00 "," $90,882,333.00 "
2017,Sep,France,5 SERIES,Sedan,Petrol," $119,101.00 "," $336,647.00 ",112, $0.97 ,6.29,1.2,8,446," $53,119,046.00 "," $52,782,399.00 "
2018,Jun,France,7 SERIES,Sedan,Petrol," $87,248.00 "," $183,851.00 ",33, $0.97 ,6.29,1.2,1,477," $41,617,296.00 "," $41,433,445.00 "
2021,Jun,Germany,3 SERIES,Sedan,Petrol," $90,798.00 "," $398,984.00 ",377, $0.97 ,6.29,1.2,4,1008," $91,524,384.00 "," $91,125,400.00 "
2018,Nov,Japan,3 SERIES,Sedan,Hybrid," $79,116.00 "," $181,827.00 ",221, $0.97 ,6.29,1.2,10,781," $61,789,596.00 "," $61,607,769.00 "
2023,Apr,Germany,X5,SUV,Electric," $110,318.00 "," $351,407.00 ",74, $0.97 ,6.29,1.2,5,532," $58,689,176.00 "," $58,337,769.00 "
2015,Oct,France,X3,SUV,Diesel," $63,557.00 "," $420,635.00 ",218, $0.97 ,6.29,1.2,9,542," $34,447,894.00 "," $34,027,259.00 "
2022,Oct,USA,I4,Sedan,Petrol," $106,334.00 "," $367,231.00 ",260, $0.97 ,6.29,1.2,7,796," $84,641,864.00 "," $84,274,633.00 "
2021,Feb,India,5 SERIES,Sedan,Electric," $110,163.00 "," $485,497.00 ",394, $0.97 ,6.29,1.2,8,1237," $136,271,631.00 "," $135,786,134.00 "
2016,Jul,Germany,X1,SUV,Electric," $113,002.00 "," $101,482.00 ",126, $0.97 ,6.29,1.2,9,318," $35,934,636.00 "," $35,833,154.00 "
2022,May,Japan,I4,Sedan,Hybrid," $77,614.00 "," $498,073.00 ",125, $0.97 ,6.29,1.2,7,592," $45,947,488.00 "," $45,449,415.00 "
2015,Nov,China,X5,SUV,Diesel," $47,720.00 "," $172,989.00 ",246, $0.97 ,6.29,1.2,5,677," $32,306,440.00 "," $32,133,451.00 "
2023,Jun,Australia,3 SERIES,Sedan,Hybrid," $92,608.00 "," $460,616.00 ",114, $0.97 ,6.29,1.2,5,551," $51,027,008.00 "," $50,566,392.00 "
2023,Feb,France,X1,SUV,Electric," $107,095.00 "," $352,259.00 ",268, $0.97 ,6.29,1.2,10,924," $98,955,780.00 "," $98,603,521.00 "
2016,May,Canada,3 SERIES,Sedan,Electric," $119,694.00 "," $326,393.00 ",55, $0.97 ,6.29,1.2,6,536," $64,155,984.00 "," $63,829,591.00 "
2021,Oct,China,5 SERIES,Sedan,Electric," $70,892.00 "," $294,255.00 ",320, $0.97 ,6.29,1.2,5,1099," $77,910,308.00 "," $77,616,053.00 "
2024,Apr,UK,X3,SUV,Hybrid," $112,242.00 "," $490,041.00 ",340, $0.97 ,6.29,1.2,9,894," $100,344,348.00 "," $99,854,307.00 "
2017,Sep,Brazil,I4,Sedan,Diesel," $112,606.00 "," $160,361.00 ",225, $0.97 ,6.29,1.2,3,665," $74,882,990.00 "," $74,722,629.00 "
2021,Jun,Japan,I4,Sedan,Petrol," $35,924.00 "," $336,744.00 ",310, $0.97 ,6.29,1.2,3,830," $29,816,920.00 "," $29,480,176.00 "
2024,Feb,Canada,7 SERIES,Sedan,Hybrid," $86,322.00 "," $349,850.00 ",342, $0.97 ,6.29,1.2,7,705," $60,857,010.00 "," $60,507,160.00 "
2023,Jan,Brazil,X1,SUV,Electric," $61,478.00 "," $331,366.00 ",33, $0.97 ,6.29,1.2,7,360," $22,132,080.00 "," $21,800,714.00 "
2018,May,Japan,IX,SUV,Hybrid," $106,042.00 "," $411,185.00 ",44, $0.97 ,6.29,1.2,6,152," $16,118,384.00 "," $15,707,199.00 "
2015,Sep,USA,X5,SUV,Electric," $81,418.00 "," $416,648.00 ",33, $0.97 ,6.29,1.2,3,162," $13,189,716.00 "," $12,773,068.00 "
2016,Jun,Australia,IX,SUV,Petrol," $97,217.00 "," $91,139.00 ",37, $0.97 ,6.29,1.2,7,411," $39,956,187.00 "," $39,865,048.00 "
2015,Oct,China,7 SERIES,Sedan,Petrol," $115,846.00 "," $164,919.00 ",25, $0.97 ,6.29,1.2,5,359," $41,588,714.00 "," $41,423,795.00 "
2019,Dec,India,5 SERIES,Sedan,Diesel," $108,762.00 "," $297,677.00 ",68, $0.97 ,6.29,1.2,7,367," $39,915,654.00 "," $39,617,977.00 "
2019,Jul,Japan,X5,SUV,Electric," $46,781.00 "," $353,446.00 ",252, $0.97 ,6.29,1.2,2,644," $30,126,964.00 "," $29,773,518.00 "
2021,May,India,X3,SUV,Diesel," $40,515.00 "," $275,756.00 ",216, $0.97 ,6.29,1.2,6,530," $21,472,950.00 "," $21,197,194.00 "
2023,Oct,Australia,IX,SUV,Diesel," $71,133.00 "," $399,982.00 ",280, $0.97 ,6.29,1.2,8,899," $63,948,567.00 "," $63,548,585.00 "
2023,Jun,France,X3,SUV,Petrol," $117,508.00 "," $189,718.00 ",258, $0.97 ,6.29,1.2,1,550," $64,629,400.00 "," $64,439,682.00 "
2017,May,UK,IX,SUV,Hybrid," $111,946.00 "," $194,615.00 ",276, $0.97 ,6.29,1.2,4,903," $101,087,238.00 "," $100,892,623.00 "
2017,Nov,China,X3,SUV,Hybrid," $44,095.00 "," $275,568.00 ",202, $0.97 ,6.29,1.2,1,860," $37,921,700.00 "," $37,646,132.00 "
2017,Sep,Australia,IX,SUV,Diesel," $55,470.00 "," $203,857.00 ",344, $0.97 ,6.29,1.2,1,1012," $56,135,640.00 "," $55,931,783.00 "
2018,Jun,Australia,X3,SUV,Petrol," $78,129.00 "," $390,497.00 ",227, $0.97 ,6.29,1.2,10,538," $42,033,402.00 "," $41,642,905.00 "
2022,Nov,USA,7 SERIES,Sedan,Electric," $43,531.00 "," $474,622.00 ",124, $0.97 ,6.29,1.2,8,516," $22,461,996.00 "," $21,987,374.00 "
2020,Aug,Brazil,X7,SUV,Hybrid," $72,038.00 "," $401,136.00 ",77, $0.97 ,6.29,1.2,7,407," $29,319,466.00 "," $28,918,330.00 "
2022,Feb,UK,X5,SUV,Diesel," $77,674.00 "," $363,572.00 ",308, $0.97 ,6.29,1.2,10,925," $71,848,450.00 "," $71,484,878.00 "
2015,Dec,China,X1,SUV,Hybrid," $117,476.00 "," $73,777.00 ",334, $0.97 ,6.29,1.2,1,1025," $120,412,900.00 "," $120,339,123.00 "
2022,Sep,France,5 SERIES,Sedan,Hybrid," $64,831.00 "," $107,939.00 ",84, $0.97 ,6.29,1.2,2,450," $29,173,950.00 "," $29,066,011.00 "
2018,May,France,I7,Sedan,Electric," $92,174.00 "," $496,242.00 ",112, $0.97 ,6.29,1.2,4,543," $50,050,482.00 "," $49,554,240.00 "
2015,Jul,Germany,3 SERIES,Sedan,Petrol," $46,279.00 "," $398,594.00 ",306, $0.97 ,6.29,1.2,1,999," $46,232,721.00 "," $45,834,127.00 "
2022,Oct,Australia,X1,SUV,Electric," $73,220.00 "," $472,769.00 ",187, $0.97 ,6.29,1.2,3,811," $59,381,420.00 "," $58,908,651.00 "
2018,Jan,Japan,3 SERIES,Sedan,Petrol," $95,610.00 "," $73,548.00 ",224, $0.97 ,6.29,1.2,8,685," $65,492,850.00 "," $65,419,302.00 "
2020,Oct,USA,X5,SUV,Hybrid," $87,719.00 "," $480,481.00 ",324, $0.97 ,6.29,1.2,8,847," $74,297,993.00 "," $73,817,512.00 "
2022,May,UK,X1,SUV,Diesel," $88,051.00 "," $175,549.00 ",48, $0.97 ,6.29,1.2,8,209," $18,402,659.00 "," $18,227,110.00 "
2018,Dec,France,X3,SUV,Electric," $107,013.00 "," $483,917.00 ",268, $0.97 ,6.29,1.2,6,840," $89,890,920.00 "," $89,407,003.00 "
2017,Oct,China,X3,SUV,Petrol," $91,652.00 "," $494,503.00 ",213, $0.97 ,6.29,1.2,6,725," $66,447,700.00 "," $65,953,197.00 "
2023,Feb,Germany,I7,Sedan,Hybrid," $100,524.00 "," $187,799.00 ",16, $0.97 ,6.29,1.2,5,344," $34,580,256.00 "," $34,392,457.00 "
2017,Dec,China,3 SERIES,Sedan,Petrol," $117,936.00 "," $291,532.00 ",58, $0.97 ,6.29,1.2,9,441," $52,009,776.00 "," $51,718,244.00 "
2023,Jun,USA,5 SERIES,Sedan,Petrol," $41,470.00 "," $231,789.00 ",35, $0.97 ,6.29,1.2,4,281," $11,653,070.00 "," $11,421,281.00 "
2016,Nov,Japan,X5,SUV,Petrol," $102,598.00 "," $475,643.00 ",170, $0.97 ,6.29,1.2,10,625," $64,123,750.00 "," $63,648,107.00 "
2016,Jan,Germany,X3,SUV,Hybrid," $76,798.00 "," $197,764.00 ",366, $0.97 ,6.29,1.2,7,1104," $84,784,992.00 "," $84,587,228.00 "
2016,Mar,Germany,X7,SUV,Diesel," $88,473.00 "," $81,625.00 ",185, $0.97 ,6.29,1.2,1,540," $47,775,420.00 "," $47,693,795.00 "
2020,May,Brazil,7 SERIES,Sedan,Diesel," $54,880.00 "," $337,062.00 ",88, $0.97 ,6.29,1.2,9,457," $25,080,160.00 "," $24,743,098.00 "
2017,Apr,UK,7 SERIES,Sedan,Diesel," $79,439.00 "," $484,352.00 ",11, $0.97 ,6.29,1.2,7,420," $33,364,380.00 "," $32,880,028.00 "
2023,Mar,Germany,IX,SUV,Petrol," $49,308.00 "," $426,970.00 ",392, $0.97 ,6.29,1.2,10,897," $44,229,276.00 "," $43,802,306.00 "
2018,Oct,Brazil,5 SERIES,Sedan,Hybrid," $70,081.00 "," $164,881.00 ",141, $0.97 ,6.29,1.2,9,529," $37,072,849.00 "," $36,907,968.00 "
2015,May,Brazil,7 SERIES,Sedan,Petrol," $110,242.00 "," $495,625.00 ",285, $0.97 ,6.29,1.2,7,943," $103,958,206.00 "," $103,462,581.00 "
2018,Nov,USA,IX,SUV,Diesel," $85,383.00 "," $327,721.00 ",126, $0.97 ,6.29,1.2,2,634," $54,132,822.00 "," $53,805,101.00 "
2015,Aug,India,3 SERIES,Sedan,Diesel," $44,837.00 "," $397,299.00 ",173, $0.97 ,6.29,1.2,6,670," $30,040,790.00 "," $29,643,491.00 "
2019,Nov,China,X3,SUV,Hybrid," $87,151.00 "," $161,776.00 ",297, $0.97 ,6.29,1.2,10,1001," $87,238,151.00 "," $87,076,375.00 "
2018,Apr,Japan,X3,SUV,Petrol," $71,824.00 "," $411,390.00 ",37, $0.97 ,6.29,1.2,4,191," $13,718,384.00 "," $13,306,994.00 "
2022,Jan,Canada,X7,SUV,Electric," $68,073.00 "," $283,996.00 ",342, $0.97 ,6.29,1.2,3,937," $63,784,401.00 "," $63,500,405.00 "
2022,Nov,China,X1,SUV,Electric," $61,299.00 "," $307,831.00 ",10, $0.97 ,6.29,1.2,2,471," $28,871,829.00 "," $28,563,998.00 "
2021,Jul,Germany,7 SERIES,Sedan,Diesel," $93,861.00 "," $262,803.00 ",197, $0.97 ,6.29,1.2,6,615," $57,724,515.00 "," $57,461,712.00 "
2017,Aug,Japan,3 SERIES,Sedan,Hybrid," $65,063.00 "," $208,761.00 ",65, $0.97 ,6.29,1.2,8,245," $15,940,435.00 "," $15,731,674.00 "
2015,Mar,France,I4,Sedan,Petrol," $104,453.00 "," $192,226.00 ",44, $0.97 ,6.29,1.2,6,265," $27,680,045.00 "," $27,487,819.00 "
2015,Jun,India,7 SERIES,Sedan,Petrol," $103,472.00 "," $407,092.00 ",121, $0.97 ,6.29,1.2,9,313," $32,386,736.00 "," $31,979,644.00 "
2017,Feb,France,5 SERIES,Sedan,Diesel," $49,506.00 "," $71,341.00 ",295, $0.97 ,6.29,1.2,5,674," $33,367,044.00 "," $33,295,703.00 "
2020,Jul,France,X1,SUV,Diesel," $114,854.00 "," $409,698.00 ",319, $0.97 ,6.29,1.2,2,807," $92,687,178.00 "," $92,277,480.00 "
2021,Aug,UK,7 SERIES,Sedan,Petrol," $61,026.00 "," $255,753.00 ",45, $0.97 ,6.29,1.2,8,201," $12,266,226.00 "," $12,010,473.00 "
2020,Jun,China,3 SERIES,Sedan,Petrol," $62,672.00 "," $419,942.00 ",226, $0.97 ,6.29,1.2,9,848," $53,145,856.00 "," $52,725,914.00 "
2020,Jun,Canada,7 SERIES,Sedan,Diesel," $73,417.00 "," $358,474.00 ",89, $0.97 ,6.29,1.2,10,447," $32,817,399.00 "," $32,458,925.00 "
2020,May,USA,5 SERIES,Sedan,Petrol," $87,413.00 "," $299,141.00 ",323, $0.97 ,6.29,1.2,4,1051," $91,871,063.00 "," $91,571,922.00 "
2017,Aug,Canada,I4,Sedan,Electric," $100,066.00 "," $399,903.00 ",92, $0.97 ,6.29,1.2,6,436," $43,628,776.00 "," $43,228,873.00 "
2020,Jan,France,X5,SUV,Diesel," $94,213.00 "," $249,488.00 ",74, $0.97 ,6.29,1.2,10,197," $18,559,961.00 "," $18,310,473.00 "
2022,Oct,Germany,I7,Sedan,Petrol," $85,971.00 "," $306,139.00 ",334, $0.97 ,6.29,1.2,8,1021," $87,776,391.00 "," $87,470,252.00 "
2016,Apr,India,I4,Sedan,Diesel," $62,281.00 "," $398,951.00 ",137, $0.97 ,6.29,1.2,9,640," $39,859,840.00 "," $39,460,889.00 "
2019,Apr,Australia,IX,SUV,Hybrid," $63,091.00 "," $345,457.00 ",316, $0.97 ,6.29,1.2,5,1081," $68,201,371.00 "," $67,855,914.00 "
2015,Mar,Canada,7 SERIES,Sedan,Diesel," $85,494.00 "," $359,044.00 ",31, $0.97 ,6.29,1.2,6,100," $8,549,400.00 "," $8,190,356.00 "
2015,Mar,France,X3,SUV,Diesel," $53,610.00 "," $128,840.00 ",225, $0.97 ,6.29,1.2,4,675," $36,186,750.00 "," $36,057,910.00 "
2019,Apr,India,X7,SUV,Hybrid," $36,079.00 "," $215,767.00 ",116, $0.97 ,6.29,1.2,5,351," $12,663,729.00 "," $12,447,962.00 "
2017,Nov,Japan,X3,SUV,Electric," $81,751.00 "," $211,297.00 ",118, $0.97 ,6.29,1.2,7,355," $29,021,605.00 "," $28,810,308.00 "
2018,Jan,China,I4,Sedan,Petrol," $90,432.00 "," $398,216.00 ",381, $0.97 ,6.29,1.2,9,1195," $108,066,240.00 "," $107,668,024.00 "
2017,Nov,Brazil,X3,SUV,Hybrid," $65,951.00 "," $408,511.00 ",366, $0.97 ,6.29,1.2,10,811," $53,486,261.00 "," $53,077,750.00 "
2015,Nov,UK,3 SERIES,Sedan,Diesel," $115,863.00 "," $99,156.00 ",190, $0.97 ,6.29,1.2,6,473," $54,803,199.00 "," $54,704,043.00 "
2015,Feb,India,X3,SUV,Petrol," $113,291.00 "," $258,281.00 ",365, $0.97 ,6.29,1.2,6,1027," $116,349,857.00 "," $116,091,576.00 "
2019,Sep,Germany,X1,SUV,Hybrid," $94,872.00 "," $137,453.00 ",173, $0.97 ,6.29,1.2,8,505," $47,910,360.00 "," $47,772,907.00 "
2020,Oct,Germany,X5,SUV,Petrol," $42,235.00 "," $208,901.00 ",77, $0.97 ,6.29,1.2,4,369," $15,584,715.00 "," $15,375,814.00 "
2017,Feb,India,7 SERIES,Sedan,Petrol," $117,733.00 "," $75,938.00 ",301, $0.97 ,6.29,1.2,3,782," $92,067,206.00 "," $91,991,268.00 "
2023,May,Germany,X3,SUV,Hybrid," $97,712.00 "," $109,164.00 ",189, $0.97 ,6.29,1.2,7,432," $42,211,584.00 "," $42,102,420.00 "
2019,Sep,China,5 SERIES,Sedan,Petrol," $56,473.00 "," $497,746.00 ",190, $0.97 ,6.29,1.2,5,773," $43,653,629.00 "," $43,155,883.00 "
2022,Sep,Germany,X5,SUV,Electric," $102,567.00 "," $249,271.00 ",178, $0.97 ,6.29,1.2,2,554," $56,822,118.00 "," $56,572,847.00 "
2015,Aug,Canada,X5,SUV,Hybrid," $114,823.00 "," $110,282.00 ",31, $0.97 ,6.29,1.2,2,398," $45,699,554.00 "," $45,589,272.00 "
2019,Jan,Brazil,X3,SUV,Electric," $67,230.00 "," $359,945.00 ",75, $0.97 ,6.29,1.2,6,424," $28,505,520.00 "," $28,145,575.00 "
2017,Jan,Germany,X5,SUV,Diesel," $119,573.00 "," $452,681.00 ",30, $0.97 ,6.29,1.2,8,67," $8,011,391.00 "," $7,558,710.00 "
2015,Sep,Brazil,X7,SUV,Petrol," $103,876.00 "," $315,470.00 ",109, $0.97 ,6.29,1.2,1,540," $56,093,040.00 "," $55,777,570.00 "
2018,Nov,France,X3,SUV,Diesel," $75,644.00 "," $446,875.00 ",393, $0.97 ,6.29,1.2,6,887," $67,096,228.00 "," $66,649,353.00 "
2019,Aug,USA,3 SERIES,Sedan,Diesel," $83,664.00 "," $208,666.00 ",309, $0.97 ,6.29,1.2,2,687," $57,477,168.00 "," $57,268,502.00 "
2021,Oct,China,I4,Sedan,Petrol," $80,203.00 "," $165,819.00 ",112, $0.97 ,6.29,1.2,2,514," $41,224,342.00 "," $41,058,523.00 "
2015,Sep,USA,X1,SUV,Hybrid," $101,677.00 "," $316,907.00 ",56, $0.97 ,6.29,1.2,7,255," $25,927,635.00 "," $25,610,728.00 "
2017,Jul,France,I7,Sedan,Petrol," $60,425.00 "," $191,900.00 ",48, $0.97 ,6.29,1.2,10,302," $18,248,350.00 "," $18,056,450.00 "
2016,Mar,China,IX,SUV,Diesel," $119,817.00 "," $359,732.00 ",294, $0.97 ,6.29,1.2,1,730," $87,466,410.00 "," $87,106,678.00 "
2023,Mar,India,X5,SUV,Diesel," $104,806.00 "," $323,365.00 ",319, $0.97 ,6.29,1.2,6,847," $88,770,682.00 "," $88,447,317.00 "
2024,Feb,India,3 SERIES,Sedan,Hybrid," $77,814.00 "," $454,427.00 ",99, $0.97 ,6.29,1.2,7,498," $38,751,372.00 "," $38,296,945.00 "
2020,May,Brazil,7 SERIES,Sedan,Petrol," $105,219.00 "," $63,569.00 ",94, $0.97 ,6.29,1.2,8,176," $18,518,544.00 "," $18,454,975.00 "
2024,Dec,France,7 SERIES,Sedan,Diesel," $84,646.00 "," $277,966.00 ",282, $0.97 ,6.29,1.2,7,736," $62,299,456.00 "," $62,021,490.00 "
2017,Dec,Brazil,IX,SUV,Electric," $74,884.00 "," $87,860.00 ",345, $0.97 ,6.29,1.2,6,836," $62,603,024.00 "," $62,515,164.00 "
2022,Mar,UK,X1,SUV,Diesel," $104,322.00 "," $252,630.00 ",197, $0.97 ,6.29,1.2,9,609," $63,532,098.00 "," $63,279,468.00 "
2022,Jun,Germany,X5,SUV,Diesel," $56,650.00 "," $357,481.00 ",168, $0.97 ,6.29,1.2,3,753," $42,657,450.00 "," $42,299,969.00 "
2016,Feb,Australia,X7,SUV,Hybrid," $44,190.00 "," $495,527.00 ",252, $0.97 ,6.29,1.2,6,632," $27,928,080.00 "," $27,432,553.00 "
2020,Dec,UK,IX,SUV,Electric," $73,196.00 "," $194,587.00 ",82, $0.97 ,6.29,1.2,4,531," $38,867,076.00 "," $38,672,489.00 "
2021,Mar,Germany,X1,SUV,Diesel," $74,449.00 "," $121,695.00 ",58, $0.97 ,6.29,1.2,2,542," $40,351,358.00 "," $40,229,663.00 "
2016,May,China,X5,SUV,Diesel," $74,661.00 "," $303,078.00 ",110, $0.97 ,6.29,1.2,1,529," $39,495,669.00 "," $39,192,591.00 "
2024,Dec,Brazil,3 SERIES,Sedan,Electric," $64,709.00 "," $292,599.00 ",11, $0.97 ,6.29,1.2,1,130," $8,412,170.00 "," $8,119,571.00 "
2016,Nov,China,I4,Sedan,Petrol," $115,428.00 "," $418,893.00 ",253, $0.97 ,6.29,1.2,10,533," $61,523,124.00 "," $61,104,231.00 "
2024,Nov,China,X7,SUV,Petrol," $110,179.00 "," $205,976.00 ",185, $0.97 ,6.29,1.2,3,430," $47,376,970.00 "," $47,170,994.00 "
2015,Jan,Germany,I7,Sedan,Diesel," $44,943.00 "," $241,007.00 ",247, $0.97 ,6.29,1.2,4,647," $29,078,121.00 "," $28,837,114.00 "
2022,Jan,France,7 SERIES,Sedan,Diesel," $78,240.00 "," $355,934.00 ",68, $0.97 ,6.29,1.2,2,520," $40,684,800.00 "," $40,328,866.00 "
2015,Oct,Germany,5 SERIES,Sedan,Petrol," $80,760.00 "," $380,724.00 ",362, $0.97 ,6.29,1.2,1,961," $77,610,360.00 "," $77,229,636.00 "
2023,Sep,Japan,3 SERIES,Sedan,Hybrid," $56,042.00 "," $55,636.00 ",108, $0.97 ,6.29,1.2,4,552," $30,935,184.00 "," $30,879,548.00 "
2020,Jul,India,7 SERIES,Sedan,Electric," $78,894.00 "," $311,578.00 ",368, $0.97 ,6.29,1.2,7,1150," $90,728,100.00 "," $90,416,522.00 "
2021,Jan,India,X3,SUV,Electric," $41,869.00 "," $389,273.00 ",11, $0.97 ,6.29,1.2,10,361," $15,114,709.00 "," $14,725,436.00 "
2024,Dec,UK,5 SERIES,Sedan,Hybrid," $96,078.00 "," $446,108.00 ",252, $0.97 ,6.29,1.2,6,630," $60,529,140.00 "," $60,083,032.00 "
2021,Aug,India,7 SERIES,Sedan,Hybrid," $91,759.00 "," $333,816.00 ",306, $0.97 ,6.29,1.2,6,876," $80,380,884.00 "," $80,047,068.00 "
2024,Mar,Germany,X1,SUV,Hybrid," $79,306.00 "," $317,956.00 ",220, $0.97 ,6.29,1.2,9,525," $41,635,650.00 "," $41,317,694.00 "
2017,Aug,Canada,X7,SUV,Hybrid," $90,371.00 "," $277,693.00 ",132, $0.97 ,6.29,1.2,2,718," $64,886,378.00 "," $64,608,685.00 "
2016,May,Brazil,7 SERIES,Sedan,Hybrid," $55,918.00 "," $50,654.00 ",238, $0.97 ,6.29,1.2,4,680," $38,024,240.00 "," $37,973,586.00 "
2023,Jan,Germany,I7,Sedan,Hybrid," $63,379.00 "," $104,633.00 ",91, $0.97 ,6.29,1.2,5,466," $29,534,614.00 "," $29,429,981.00 "
2022,Jul,Germany,I4,Sedan,Electric," $118,232.00 "," $67,143.00 ",153, $0.97 ,6.29,1.2,1,497," $58,761,304.00 "," $58,694,161.00 "
2024,May,Australia,X1,SUV,Hybrid," $37,962.00 "," $105,934.00 ",397, $0.97 ,6.29,1.2,8,893," $33,900,066.00 "," $33,794,132.00 "
2021,Jun,Brazil,3 SERIES,Sedan,Petrol," $48,851.00 "," $379,478.00 ",149, $0.97 ,6.29,1.2,8,347," $16,951,297.00 "," $16,571,819.00 "
2023,Jun,Japan,3 SERIES,Sedan,Hybrid," $80,747.00 "," $153,463.00 ",38, $0.97 ,6.29,1.2,6,158," $12,758,026.00 "," $12,604,563.00 "
2018,Aug,India,3 SERIES,Sedan,Hybrid," $87,349.00 "," $175,851.00 ",279, $0.97 ,6.29,1.2,5,701," $61,231,649.00 "," $61,055,798.00 "
2018,Sep,Brazil,3 SERIES,Sedan,Electric," $105,832.00 "," $79,087.00 ",256, $0.97 ,6.29,1.2,8,657," $69,531,624.00 "," $69,452,537.00 "
2015,Feb,India,I4,Sedan,Electric," $91,356.00 "," $192,690.00 ",21, $0.97 ,6.29,1.2,3,306," $27,954,936.00 "," $27,762,246.00 "
2022,Sep,UK,7 SERIES,Sedan,Hybrid," $49,745.00 "," $320,590.00 ",364, $0.97 ,6.29,1.2,3,958," $47,655,710.00 "," $47,335,120.00 "
2017,Dec,Brazil,X5,SUV,Electric," $40,730.00 "," $414,271.00 ",398, $0.97 ,6.29,1.2,2,1096," $44,640,080.00 "," $44,225,809.00 "
2021,Nov,India,7 SERIES,Sedan,Diesel," $48,921.00 "," $361,011.00 ",346, $0.97 ,6.29,1.2,5,1086," $53,128,206.00 "," $52,767,195.00 "
2016,Oct,Japan,X3,SUV,Electric," $106,138.00 "," $494,244.00 ",115, $0.97 ,6.29,1.2,3,647," $68,671,286.00 "," $68,177,042.00 "
2016,Sep,USA,X7,SUV,Electric," $118,111.00 "," $372,245.00 ",41, $0.97 ,6.29,1.2,3,290," $34,252,190.00 "," $33,879,945.00 "
2021,Oct,China,5 SERIES,Sedan,Electric," $54,023.00 "," $208,272.00 ",83, $0.97 ,6.29,1.2,6,475," $25,660,925.00 "," $25,452,653.00 "
2020,Oct,China,X5,SUV,Electric," $80,349.00 "," $276,179.00 ",180, $0.97 ,6.29,1.2,8,521," $41,861,829.00 "," $41,585,650.00 "
2017,Jul,Japan,X5,SUV,Petrol," $116,533.00 "," $400,218.00 ",346, $0.97 ,6.29,1.2,2,1019," $118,747,127.00 "," $118,346,909.00 "
2023,Jan,Australia,7 SERIES,Sedan,Petrol," $118,286.00 "," $242,537.00 ",78, $0.97 ,6.29,1.2,4,421," $49,798,406.00 "," $49,555,869.00 "
2024,Jul,USA,X5,SUV,Petrol," $76,979.00 "," $267,508.00 ",310, $0.97 ,6.29,1.2,7,630," $48,496,770.00 "," $48,229,262.00 "
2020,Oct,UK,IX,SUV,Hybrid," $57,837.00 "," $168,422.00 ",371, $0.97 ,6.29,1.2,1,811," $46,905,807.00 "," $46,737,385.00 "
2024,May,Japan,IX,SUV,Hybrid," $49,997.00 "," $400,036.00 ",146, $0.97 ,6.29,1.2,1,465," $23,248,605.00 "," $22,848,569.00 "
2024,Jun,China,X3,SUV,Diesel," $80,039.00 "," $269,631.00 ",109, $0.97 ,6.29,1.2,10,542," $43,381,138.00 "," $43,111,507.00 "
2020,Oct,China,5 SERIES,Sedan,Petrol," $55,923.00 "," $432,188.00 ",155, $0.97 ,6.29,1.2,7,395," $22,089,585.00 "," $21,657,397.00 "
2015,Jul,China,I7,Sedan,Hybrid," $43,876.00 "," $89,148.00 ",18, $0.97 ,6.29,1.2,7,467," $20,490,092.00 "," $20,400,944.00 "
2018,May,France,I4,Sedan,Electric," $95,973.00 "," $395,072.00 ",71, $0.97 ,6.29,1.2,1,536," $51,441,528.00 "," $51,046,456.00 "
2024,Jul,Japan,7 SERIES,Sedan,Electric," $37,887.00 "," $201,770.00 ",194, $0.97 ,6.29,1.2,1,571," $21,633,477.00 "," $21,431,707.00 "
2020,Sep,Germany,I4,Sedan,Petrol," $98,723.00 "," $485,686.00 ",38, $0.97 ,6.29,1.2,4,206," $20,336,938.00 "," $19,851,252.00 "
2020,Mar,UK,I7,Sedan,Diesel," $77,422.00 "," $363,804.00 ",390, $0.97 ,6.29,1.2,5,1135," $87,873,970.00 "," $87,510,166.00 "
2019,Aug,China,7 SERIES,Sedan,Diesel," $86,413.00 "," $497,126.00 ",123, $0.97 ,6.29,1.2,5,453," $39,145,089.00 "," $38,647,963.00 "
2015,Feb,India,7 SERIES,Sedan,Electric," $37,841.00 "," $347,594.00 ",152, $0.97 ,6.29,1.2,4,517," $19,563,797.00 "," $19,216,203.00 "
2022,Nov,Japan,5 SERIES,Sedan,Diesel," $63,756.00 "," $237,535.00 ",399, $0.97 ,6.29,1.2,8,1137," $72,490,572.00 "," $72,253,037.00 "
2019,Jul,France,I4,Sedan,Petrol," $106,576.00 "," $345,901.00 ",129, $0.97 ,6.29,1.2,7,539," $57,444,464.00 "," $57,098,563.00 "
2019,Feb,Japan,IX,SUV,Electric," $45,304.00 "," $128,012.00 ",179, $0.97 ,6.29,1.2,9,613," $27,771,352.00 "," $27,643,340.00 "
2021,Apr,UK,3 SERIES,Sedan,Hybrid," $65,341.00 "," $418,894.00 ",166, $0.97 ,6.29,1.2,7,730," $47,698,930.00 "," $47,280,036.00 "
2018,Jul,France,I4,Sedan,Hybrid," $39,758.00 "," $439,187.00 ",344, $0.97 ,6.29,1.2,10,934," $37,133,972.00 "," $36,694,785.00 "
2020,Mar,UK,X7,SUV,Diesel," $52,010.00 "," $474,606.00 ",358, $0.97 ,6.29,1.2,1,980," $50,969,800.00 "," $50,495,194.00 "
2018,Feb,Japan,X7,SUV,Electric," $95,758.00 "," $106,116.00 ",269, $0.97 ,6.29,1.2,7,725," $69,424,550.00 "," $69,318,434.00 "
2017,Nov,Germany,7 SERIES,Sedan,Electric," $66,658.00 "," $194,233.00 ",91, $0.97 ,6.29,1.2,1,499," $33,262,342.00 "," $33,068,109.00 "
2021,Oct,UK,3 SERIES,Sedan,Hybrid," $84,002.00 "," $82,152.00 ",251, $0.97 ,6.29,1.2,7,662," $55,609,324.00 "," $55,527,172.00 "
2022,Jul,France,X1,SUV,Electric," $36,375.00 "," $156,379.00 ",181, $0.97 ,6.29,1.2,10,608," $22,116,000.00 "," $21,959,621.00 "
2018,Jan,France,I7,Sedan,Electric," $57,092.00 "," $276,905.00 ",240, $0.97 ,6.29,1.2,8,719," $41,049,148.00 "," $40,772,243.00 "
2016,Aug,UK,X3,SUV,Electric," $35,490.00 "," $70,836.00 ",217, $0.97 ,6.29,1.2,9,450," $15,970,500.00 "," $15,899,664.00 "
2024,Mar,Canada,3 SERIES,Sedan,Diesel," $38,729.00 "," $271,439.00 ",84, $0.97 ,6.29,1.2,3,257," $9,953,353.00 "," $9,681,914.00 "
2017,Dec,Japan,X3,SUV,Electric," $40,974.00 "," $236,720.00 ",279, $0.97 ,6.29,1.2,4,699," $28,640,826.00 "," $28,404,106.00 "
2015,Dec,Canada,I4,Sedan,Petrol," $118,860.00 "," $207,403.00 ",396, $0.97 ,6.29,1.2,4,1078," $128,131,080.00 "," $127,923,677.00 "
2022,Feb,Australia,I4,Sedan,Diesel," $56,398.00 "," $191,835.00 ",123, $0.97 ,6.29,1.2,9,246," $13,873,908.00 "," $13,682,073.00 "
2017,Mar,Japan,X3,SUV,Electric," $69,650.00 "," $381,588.00 ",71, $0.97 ,6.29,1.2,7,197," $13,721,050.00 "," $13,339,462.00 "
2024,May,UK,I7,Sedan,Electric," $56,292.00 "," $143,109.00 ",371, $0.97 ,6.29,1.2,3,931," $52,407,852.00 "," $52,264,743.00 "
2021,Nov,USA,3 SERIES,Sedan,Petrol," $38,159.00 "," $200,259.00 ",329, $0.97 ,6.29,1.2,10,1013," $38,655,067.00 "," $38,454,808.00 "
2024,Aug,UK,X1,SUV,Diesel," $97,766.00 "," $193,029.00 ",111, $0.97 ,6.29,1.2,5,499," $48,785,234.00 "," $48,592,205.00 "
2019,Oct,Canada,7 SERIES,Sedan,Hybrid," $52,065.00 "," $447,595.00 ",371, $0.97 ,6.29,1.2,7,977," $50,867,505.00 "," $50,419,910.00 "
2024,Jul,Germany,5 SERIES,Sedan,Hybrid," $56,638.00 "," $471,175.00 ",219, $0.97 ,6.29,1.2,8,790," $44,744,020.00 "," $44,272,845.00 "
2019,Jul,UK,I4,Sedan,Diesel," $36,073.00 "," $132,018.00 ",264, $0.97 ,6.29,1.2,1,880," $31,744,240.00 "," $31,612,222.00 "
2021,Dec,UK,X7,SUV,Electric," $81,511.00 "," $173,076.00 ",29, $0.97 ,6.29,1.2,2,346," $28,202,806.00 "," $28,029,730.00 "
2023,Jul,Germany,I7,Sedan,Electric," $119,307.00 "," $208,177.00 ",67, $0.97 ,6.29,1.2,7,353," $42,115,371.00 "," $41,907,194.00 "
2019,Aug,UK,5 SERIES,Sedan,Hybrid," $64,320.00 "," $444,093.00 ",121, $0.97 ,6.29,1.2,2,620," $39,878,400.00 "," $39,434,307.00 "
2015,Jan,China,X1,SUV,Hybrid," $104,876.00 "," $229,425.00 ",322, $0.97 ,6.29,1.2,7,675," $70,791,300.00 "," $70,561,875.00 "
2024,Apr,USA,X5,SUV,Hybrid," $69,924.00 "," $395,932.00 ",205, $0.97 ,6.29,1.2,9,667," $46,639,308.00 "," $46,243,376.00 "
2024,Jun,India,7 SERIES,Sedan,Petrol," $116,720.00 "," $409,014.00 ",384, $0.97 ,6.29,1.2,2,868," $101,312,960.00 "," $100,903,946.00 "
2015,Sep,USA,I4,Sedan,Hybrid," $75,734.00 "," $265,657.00 ",362, $0.97 ,6.29,1.2,7,836," $63,313,624.00 "," $63,047,967.00 "
2016,Feb,UK,7 SERIES,Sedan,Petrol," $103,116.00 "," $395,452.00 ",101, $0.97 ,6.29,1.2,4,231," $23,819,796.00 "," $23,424,344.00 "
2020,Jan,China,5 SERIES,Sedan,Diesel," $75,025.00 "," $494,783.00 ",61, $0.97 ,6.29,1.2,2,567," $42,539,175.00 "," $42,044,392.00 "
2023,Oct,Japan,7 SERIES,Sedan,Electric," $37,159.00 "," $370,057.00 ",302, $0.97 ,6.29,1.2,7,1016," $37,753,544.00 "," $37,383,487.00 "
2022,Dec,UK,X5,SUV,Hybrid," $83,940.00 "," $52,637.00 ",17, $0.97 ,6.29,1.2,5,386," $32,400,840.00 "," $32,348,203.00 "
2019,Feb,Canada,5 SERIES,Sedan,Electric," $114,436.00 "," $354,169.00 ",309, $0.97 ,6.29,1.2,1,730," $83,538,280.00 "," $83,184,111.00 "
2015,Jul,China,I4,Sedan,Electric," $111,976.00 "," $287,989.00 ",107, $0.97 ,6.29,1.2,5,552," $61,810,752.00 "," $61,522,763.00 "
2021,Mar,Germany,3 SERIES,Sedan,Hybrid," $49,678.00 "," $282,259.00 ",245, $0.97 ,6.29,1.2,3,875," $43,468,250.00 "," $43,185,991.00 "
2019,Oct,China,X7,SUV,Hybrid," $96,075.00 "," $411,652.00 ",398, $0.97 ,6.29,1.2,7,1083," $104,049,225.00 "," $103,637,573.00 "
2020,Feb,Germany,5 SERIES,Sedan,Diesel," $82,204.00 "," $132,464.00 ",383, $0.97 ,6.29,1.2,6,978," $80,395,512.00 "," $80,263,048.00 "
2021,Nov,Australia,IX,SUV,Petrol," $47,021.00 "," $340,886.00 ",78, $0.97 ,6.29,1.2,8,248," $11,661,208.00 "," $11,320,322.00 "
2017,Jul,India,X5,SUV,Petrol," $41,772.00 "," $61,831.00 ",54, $0.97 ,6.29,1.2,5,351," $14,661,972.00 "," $14,600,141.00 "
2024,Feb,Brazil,5 SERIES,Sedan,Electric," $102,163.00 "," $163,768.00 ",146, $0.97 ,6.29,1.2,2,556," $56,802,628.00 "," $56,638,860.00 "
2017,Mar,China,5 SERIES,Sedan,Hybrid," $108,755.00 "," $296,983.00 ",243, $0.97 ,6.29,1.2,9,578," $62,860,390.00 "," $62,563,407.00 "
2019,Nov,France,IX,SUV,Diesel," $58,464.00 "," $397,236.00 ",41, $0.97 ,6.29,1.2,8,147," $8,594,208.00 "," $8,196,972.00 "
2020,Jul,Canada,I4,Sedan,Diesel," $86,137.00 "," $403,023.00 ",298, $0.97 ,6.29,1.2,6,886," $76,317,382.00 "," $75,914,359.00 "
2023,Apr,UK,5 SERIES,Sedan,Diesel," $65,232.00 "," $400,514.00 ",135, $0.97 ,6.29,1.2,10,319," $20,809,008.00 "," $20,408,494.00 "
2019,Jan,Canada,X7,SUV,Diesel," $96,497.00 "," $438,681.00 ",76, $0.97 ,6.29,1.2,7,369," $35,607,393.00 "," $35,168,712.00 "
2015,May,USA,7 SERIES,Sedan,Diesel," $109,024.00 "," $489,978.00 ",39, $0.97 ,6.29,1.2,9,493," $53,748,832.00 "," $53,258,854.00 "
2018,Dec,Brazil,I4,Sedan,Petrol," $86,448.00 "," $154,824.00 ",123, $0.97 ,6.29,1.2,7,581," $50,226,288.00 "," $50,071,464.00 "
2019,Sep,USA,X7,SUV,Petrol," $119,517.00 "," $138,741.00 ",213, $0.97 ,6.29,1.2,3,517," $61,790,289.00 "," $61,651,548.00 "
2024,Aug,Australia,I4,Sedan,Petrol," $35,901.00 "," $68,830.00 ",38, $0.97 ,6.29,1.2,6,207," $7,431,507.00 "," $7,362,677.00 "
2024,Dec,Brazil,X7,SUV,Hybrid," $118,597.00 "," $367,188.00 ",140, $0.97 ,6.29,1.2,7,281," $33,325,757.00 "," $32,958,569.00 "
2019,Sep,Brazil,X5,SUV,Electric," $37,881.00 "," $386,092.00 ",194, $0.97 ,6.29,1.2,2,775," $29,357,775.00 "," $28,971,683.00 "
2021,Oct,USA,X7,SUV,Diesel," $64,863.00 "," $119,202.00 ",262, $0.97 ,6.29,1.2,3,724," $46,960,812.00 "," $46,841,610.00 "
2018,Sep,Germany,X3,SUV,Hybrid," $40,622.00 "," $349,189.00 ",295, $0.97 ,6.29,1.2,4,664," $26,973,008.00 "," $26,623,819.00 "
2015,Jul,USA,X7,SUV,Diesel," $36,378.00 "," $267,394.00 ",395, $0.97 ,6.29,1.2,10,953," $34,668,234.00 "," $34,400,840.00 "
2019,Apr,Canada,3 SERIES,Sedan,Petrol," $118,168.00 "," $252,123.00 ",71, $0.97 ,6.29,1.2,6,187," $22,097,416.00 "," $21,845,293.00 "
2021,May,Germany,3 SERIES,Sedan,Hybrid," $106,186.00 "," $419,653.00 ",12, $0.97 ,6.29,1.2,1,305," $32,386,730.00 "," $31,967,077.00 "
2024,Jan,Canada,I7,Sedan,Petrol," $80,201.00 "," $207,699.00 ",77, $0.97 ,6.29,1.2,9,525," $42,105,525.00 "," $41,897,826.00 "
2024,Jan,Australia,X3,SUV,Diesel," $94,251.00 "," $327,342.00 ",34, $0.97 ,6.29,1.2,5,451," $42,507,201.00 "," $42,179,859.00 "
2020,Mar,UK,X3,SUV,Diesel," $107,572.00 "," $381,665.00 ",188, $0.97 ,6.29,1.2,7,813," $87,456,036.00 "," $87,074,371.00 "
2019,Aug,Japan,7 SERIES,Sedan,Electric," $74,255.00 "," $156,471.00 ",150, $0.97 ,6.29,1.2,9,552," $40,988,760.00 "," $40,832,289.00 "
2018,Feb,Germany,X3,SUV,Diesel," $98,212.00 "," $341,619.00 ",240, $0.97 ,6.29,1.2,9,911," $89,471,132.00 "," $89,129,513.00 "
2016,Apr,Australia,7 SERIES,Sedan,Petrol," $85,210.00 "," $286,824.00 ",309, $0.97 ,6.29,1.2,1,865," $73,706,650.00 "," $73,419,826.00 "
2018,Feb,France,I7,Sedan,Diesel," $57,499.00 "," $69,403.00 ",172, $0.97 ,6.29,1.2,1,765," $43,986,735.00 "," $43,917,332.00 "
2024,May,Australia,I7,Sedan,Electric," $86,628.00 "," $53,681.00 ",320, $0.97 ,6.29,1.2,3,638," $55,268,664.00 "," $55,214,983.00 "
2024,Sep,USA,X5,SUV,Electric," $96,360.00 "," $403,699.00 ",139, $0.97 ,6.29,1.2,6,313," $30,160,680.00 "," $29,756,981.00 "
2017,Jan,USA,3 SERIES,Sedan,Petrol," $39,603.00 "," $431,028.00 ",255, $0.97 ,6.29,1.2,2,778," $30,811,134.00 "," $30,380,106.00 "
2024,May,Japan,X7,SUV,Hybrid," $47,632.00 "," $405,266.00 ",306, $0.97 ,6.29,1.2,10,947," $45,107,504.00 "," $44,702,238.00 "
2015,Sep,Australia,X7,SUV,Diesel," $65,607.00 "," $165,260.00 ",181, $0.97 ,6.29,1.2,1,588," $38,576,916.00 "," $38,411,656.00 "
2022,Jan,India,IX,SUV,Electric," $100,756.00 "," $223,364.00 ",73, $0.97 ,6.29,1.2,1,517," $52,090,852.00 "," $51,867,488.00 "
2019,Sep,UK,IX,SUV,Diesel," $81,994.00 "," $155,386.00 ",40, $0.97 ,6.29,1.2,5,192," $15,742,848.00 "," $15,587,462.00 "
2018,Aug,USA,X1,SUV,Diesel," $98,382.00 "," $283,378.00 ",56, $0.97 ,6.29,1.2,4,400," $39,352,800.00 "," $39,069,422.00 "
2022,Apr,Japan,I4,Sedan,Hybrid," $105,354.00 "," $448,845.00 ",139, $0.97 ,6.29,1.2,1,469," $49,411,026.00 "," $48,962,181.00 "
2021,Dec,UK,X5,SUV,Electric," $91,344.00 "," $143,246.00 ",361, $0.97 ,6.29,1.2,4,884," $80,748,096.00 "," $80,604,850.00 "
2016,Nov,Australia,X1,SUV,Diesel," $88,775.00 "," $145,864.00 ",342, $0.97 ,6.29,1.2,3,910," $80,785,250.00 "," $80,639,386.00 "
2015,Oct,Australia,X1,SUV,Electric," $42,349.00 "," $258,886.00 ",119, $0.97 ,6.29,1.2,2,372," $15,753,828.00 "," $15,494,942.00 "
2018,May,Brazil,5 SERIES,Sedan,Petrol," $106,154.00 "," $320,561.00 ",78, $0.97 ,6.29,1.2,9,305," $32,376,970.00 "," $32,056,409.00 "
2022,May,Japan,5 SERIES,Sedan,Petrol," $62,464.00 "," $431,032.00 ",67, $0.97 ,6.29,1.2,1,636," $39,727,104.00 "," $39,296,072.00 "
2016,Nov,USA,X1,SUV,Diesel," $77,624.00 "," $215,837.00 ",115, $0.97 ,6.29,1.2,7,433," $33,611,192.00 "," $33,395,355.00 "
2017,Dec,India,X3,SUV,Electric," $72,344.00 "," $386,643.00 ",309, $0.97 ,6.29,1.2,4,931," $67,352,264.00 "," $66,965,621.00 "
2015,Jun,Australia,I4,Sedan,Diesel," $118,791.00 "," $443,052.00 ",339, $0.97 ,6.29,1.2,5,751," $89,212,041.00 "," $88,768,989.00 "
2015,Jul,India,X5,SUV,Electric," $59,299.00 "," $295,160.00 ",265, $0.97 ,6.29,1.2,10,904," $53,606,296.00 "," $53,311,136.00 "
2017,Aug,Australia,X1,SUV,Electric," $82,975.00 "," $237,646.00 ",321, $0.97 ,6.29,1.2,5,652," $54,099,700.00 "," $53,862,054.00 "
2019,Aug,USA,X7,SUV,Hybrid," $36,462.00 "," $309,278.00 ",180, $0.97 ,6.29,1.2,1,573," $20,892,726.00 "," $20,583,448.00 "
2017,Nov,UK,I4,Sedan,Hybrid," $116,441.00 "," $339,819.00 ",392, $0.97 ,6.29,1.2,6,1027," $119,584,907.00 "," $119,245,088.00 "
2015,Feb,China,5 SERIES,Sedan,Hybrid," $116,788.00 "," $306,681.00 ",171, $0.97 ,6.29,1.2,9,575," $67,153,100.00 "," $66,846,419.00 "
2015,Sep,UK,X7,SUV,Diesel," $75,581.00 "," $221,635.00 ",295, $0.97 ,6.29,1.2,2,848," $64,092,688.00 "," $63,871,053.00 "
2022,Jul,Australia,5 SERIES,Sedan,Hybrid," $106,289.00 "," $61,332.00 ",80, $0.97 ,6.29,1.2,7,432," $45,916,848.00 "," $45,855,516.00 "
2024,Apr,Canada,5 SERIES,Sedan,Hybrid," $49,175.00 "," $304,817.00 ",264, $0.97 ,6.29,1.2,6,918," $45,142,650.00 "," $44,837,833.00 "
2016,Apr,China,I4,Sedan,Petrol," $41,191.00 "," $331,321.00 ",383, $0.97 ,6.29,1.2,5,1197," $49,305,627.00 "," $48,974,306.00 "
2017,Nov,China,5 SERIES,Sedan,Electric," $118,434.00 "," $442,704.00 ",64, $0.97 ,6.29,1.2,4,216," $25,581,744.00 "," $25,139,040.00 "
2016,Aug,India,I7,Sedan,Electric," $119,518.00 "," $270,326.00 ",332, $0.97 ,6.29,1.2,4,847," $101,231,746.00 "," $100,961,420.00 "
2017,Apr,Japan,3 SERIES,Sedan,Hybrid," $115,158.00 "," $249,519.00 ",12, $0.97 ,6.29,1.2,6,72," $8,291,376.00 "," $8,041,857.00 "
2021,Jun,India,I7,Sedan,Electric," $101,537.00 "," $311,849.00 ",35, $0.97 ,6.29,1.2,4,416," $42,239,392.00 "," $41,927,543.00 "
2015,May,India,3 SERIES,Sedan,Petrol," $82,645.00 "," $369,248.00 ",322, $0.97 ,6.29,1.2,5,827," $68,347,415.00 "," $67,978,167.00 "
2024,Mar,Canada,IX,SUV,Petrol," $58,283.00 "," $396,479.00 ",135, $0.97 ,6.29,1.2,6,355," $20,690,465.00 "," $20,293,986.00 "
2022,Oct,UK,IX,SUV,Hybrid," $94,123.00 "," $427,082.00 ",62, $0.97 ,6.29,1.2,5,254," $23,907,242.00 "," $23,480,160.00 "
2024,Nov,UK,5 SERIES,Sedan,Petrol," $65,024.00 "," $130,730.00 ",207, $0.97 ,6.29,1.2,7,626," $40,705,024.00 "," $40,574,294.00 "
2024,Feb,France,X5,SUV,Electric," $84,630.00 "," $448,167.00 ",308, $0.97 ,6.29,1.2,9,862," $72,951,060.00 "," $72,502,893.00 "
2024,Sep,Australia,X5,SUV,Diesel," $65,734.00 "," $287,474.00 ",197, $0.97 ,6.29,1.2,10,409," $26,885,206.00 "," $26,597,732.00 "
2016,Oct,Canada,3 SERIES,Sedan,Electric," $35,515.00 "," $340,477.00 ",195, $0.97 ,6.29,1.2,7,561," $19,923,915.00 "," $19,583,438.00 "
2017,Sep,France,X7,SUV,Diesel," $101,727.00 "," $333,817.00 ",314, $0.97 ,6.29,1.2,7,889," $90,435,303.00 "," $90,101,486.00 "
2023,Jan,USA,I4,Sedan,Hybrid," $81,216.00 "," $426,565.00 ",307, $0.97 ,6.29,1.2,4,784," $63,673,344.00 "," $63,246,779.00 "
2021,Oct,Australia,5 SERIES,Sedan,Diesel," $106,833.00 "," $90,870.00 ",213, $0.97 ,6.29,1.2,1,495," $52,882,335.00 "," $52,791,465.00 "
2018,Mar,Australia,I4,Sedan,Petrol," $93,755.00 "," $303,017.00 ",20, $0.97 ,6.29,1.2,8,417," $39,095,835.00 "," $38,792,818.00 "
2024,Aug,Brazil,I7,Sedan,Electric," $62,856.00 "," $177,536.00 ",368, $0.97 ,6.29,1.2,4,869," $54,621,864.00 "," $54,444,328.00 "
2019,Jun,Brazil,X5,SUV,Diesel," $108,870.00 "," $383,245.00 ",363, $0.97 ,6.29,1.2,1,951," $103,535,370.00 "," $103,152,125.00 "
2016,May,Germany,X3,SUV,Electric," $59,162.00 "," $334,965.00 ",155, $0.97 ,6.29,1.2,5,542," $32,065,804.00 "," $31,730,839.00 "
2022,May,Germany,I7,Sedan,Hybrid," $41,008.00 "," $75,494.00 ",94, $0.97 ,6.29,1.2,8,398," $16,321,184.00 "," $16,245,690.00 "
2018,Jun,India,I7,Sedan,Hybrid," $42,987.00 "," $149,477.00 ",109, $0.97 ,6.29,1.2,4,296," $12,724,152.00 "," $12,574,675.00 "
2023,Jul,USA,3 SERIES,Sedan,Petrol," $97,532.00 "," $438,227.00 ",113, $0.97 ,6.29,1.2,8,517," $50,424,044.00 "," $49,985,817.00 "
2019,Jan,China,7 SERIES,Sedan,Hybrid," $38,332.00 "," $255,232.00 ",55, $0.97 ,6.29,1.2,8,418," $16,022,776.00 "," $15,767,544.00 "
2023,Sep,China,I7,Sedan,Diesel," $101,323.00 "," $424,842.00 ",53, $0.97 ,6.29,1.2,3,306," $31,004,838.00 "," $30,579,996.00 "
2018,Mar,Brazil,5 SERIES,Sedan,Hybrid," $73,990.00 "," $423,704.00 ",287, $0.97 ,6.29,1.2,9,930," $68,810,700.00 "," $68,386,996.00 "
2024,Apr,Brazil,X1,SUV,Petrol," $44,873.00 "," $444,051.00 ",190, $0.97 ,6.29,1.2,3,805," $36,122,765.00 "," $35,678,714.00 "
2019,Oct,Brazil,X1,SUV,Electric," $117,542.00 "," $330,790.00 ",196, $0.97 ,6.29,1.2,1,538," $63,237,596.00 "," $62,906,806.00 "
2023,Jan,Canada,5 SERIES,Sedan,Electric," $71,444.00 "," $173,777.00 ",123, $0.97 ,6.29,1.2,2,697," $49,796,468.00 "," $49,622,691.00 "
2022,Nov,Japan,7 SERIES,Sedan,Hybrid," $70,340.00 "," $127,360.00 ",264, $0.97 ,6.29,1.2,6,902," $63,446,680.00 "," $63,319,320.00 "
2017,Oct,Germany,7 SERIES,Sedan,Diesel," $40,033.00 "," $349,479.00 ",390, $0.97 ,6.29,1.2,10,1118," $44,756,894.00 "," $44,407,415.00 "
2015,Mar,Canada,3 SERIES,Sedan,Petrol," $108,324.00 "," $381,495.00 ",389, $0.97 ,6.29,1.2,2,1242," $134,538,408.00 "," $134,156,913.00 "
2017,Feb,UK,X5,SUV,Diesel," $50,689.00 "," $427,078.00 ",39, $0.97 ,6.29,1.2,6,406," $20,579,734.00 "," $20,152,656.00 "
2018,Feb,China,I4,Sedan,Petrol," $35,066.00 "," $183,501.00 ",273, $0.97 ,6.29,1.2,1,878," $30,787,948.00 "," $30,604,447.00 "
2016,Jan,Australia,7 SERIES,Sedan,Hybrid," $80,246.00 "," $354,094.00 ",107, $0.97 ,6.29,1.2,1,479," $38,437,834.00 "," $38,083,740.00 "
2015,Aug,Germany,X3,SUV,Petrol," $42,533.00 "," $110,654.00 ",322, $0.97 ,6.29,1.2,5,721," $30,666,293.00 "," $30,555,639.00 "
2021,Mar,France,3 SERIES,Sedan,Petrol," $115,639.00 "," $419,566.00 ",376, $0.97 ,6.29,1.2,10,1161," $134,256,879.00 "," $133,837,313.00 "
2022,Mar,UK,IX,SUV,Hybrid," $105,152.00 "," $422,078.00 ",338, $0.97 ,6.29,1.2,9,717," $75,393,984.00 "," $74,971,906.00 "
2021,Jun,Germany,X7,SUV,Diesel," $94,658.00 "," $169,975.00 ",124, $0.97 ,6.29,1.2,8,428," $40,513,624.00 "," $40,343,649.00 "
2019,Aug,Canada,IX,SUV,Hybrid," $73,498.00 "," $249,215.00 ",285, $0.97 ,6.29,1.2,3,929," $68,279,642.00 "," $68,030,427.00 "
2015,Sep,USA,3 SERIES,Sedan,Petrol," $46,772.00 "," $403,330.00 ",290, $0.97 ,6.29,1.2,3,1044," $48,829,968.00 "," $48,426,638.00 "
2021,Sep,Australia,I7,Sedan,Hybrid," $84,036.00 "," $416,378.00 ",284, $0.97 ,6.29,1.2,1,1016," $85,380,576.00 "," $84,964,198.00 "
2021,Apr,Germany,I4,Sedan,Petrol," $93,531.00 "," $152,326.00 ",270, $0.97 ,6.29,1.2,3,602," $56,305,662.00 "," $56,153,336.00 "
2023,May,Japan,X7,SUV,Hybrid," $47,940.00 "," $127,527.00 ",340, $0.97 ,6.29,1.2,1,1109," $53,165,460.00 "," $53,037,933.00 "
2017,Feb,Brazil,IX,SUV,Electric," $51,932.00 "," $398,848.00 ",216, $0.97 ,6.29,1.2,8,711," $36,923,652.00 "," $36,524,804.00 "
2023,Nov,Brazil,X7,SUV,Electric," $91,827.00 "," $474,315.00 ",393, $0.97 ,6.29,1.2,1,896," $82,276,992.00 "," $81,802,677.00 "
2015,Sep,Australia,X3,SUV,Hybrid," $96,431.00 "," $482,601.00 ",337, $0.97 ,6.29,1.2,5,937," $90,355,847.00 "," $89,873,246.00 "
2015,Aug,Canada,X3,SUV,Diesel," $59,648.00 "," $216,991.00 ",220, $0.97 ,6.29,1.2,9,724," $43,185,152.00 "," $42,968,161.00 "
2018,Mar,Brazil,X3,SUV,Petrol," $67,966.00 "," $146,952.00 ",224, $0.97 ,6.29,1.2,7,480," $32,623,680.00 "," $32,476,728.00 "
2023,Nov,Germany,3 SERIES,Sedan,Electric," $62,777.00 "," $372,926.00 ",49, $0.97 ,6.29,1.2,4,157," $9,855,989.00 "," $9,483,063.00 "
2020,Dec,France,I4,Sedan,Diesel," $67,567.00 "," $383,260.00 ",35, $0.97 ,6.29,1.2,9,488," $32,972,696.00 "," $32,589,436.00 "
2017,Sep,China,3 SERIES,Sedan,Petrol," $52,174.00 "," $401,770.00 ",36, $0.97 ,6.29,1.2,9,149," $7,773,926.00 "," $7,372,156.00 "
2015,Mar,China,X1,SUV,Electric," $77,598.00 "," $483,603.00 ",199, $0.97 ,6.29,1.2,2,863," $66,967,074.00 "," $66,483,471.00 "
2018,Sep,UK,I7,Sedan,Electric," $94,199.00 "," $196,895.00 ",92, $0.97 ,6.29,1.2,10,512," $48,229,888.00 "," $48,032,993.00 "
2023,Feb,India,I7,Sedan,Hybrid," $48,798.00 "," $96,015.00 ",393, $0.97 ,6.29,1.2,10,1153," $56,264,094.00 "," $56,168,079.00 "
2017,Dec,USA,X3,SUV,Petrol," $100,364.00 "," $152,877.00 ",179, $0.97 ,6.29,1.2,6,639," $64,132,596.00 "," $63,979,719.00 "
2023,Oct,Australia,X1,SUV,Diesel," $52,558.00 "," $327,483.00 ",176, $0.97 ,6.29,1.2,4,545," $28,644,110.00 "," $28,316,627.00 "
2021,Sep,UK,7 SERIES,Sedan,Diesel," $96,084.00 "," $184,563.00 ",197, $0.97 ,6.29,1.2,8,430," $41,316,120.00 "," $41,131,557.00 "
2018,Aug,India,7 SERIES,Sedan,Diesel," $79,237.00 "," $443,922.00 ",178, $0.97 ,6.29,1.2,7,807," $63,944,259.00 "," $63,500,337.00 "
2017,Sep,Canada,X3,SUV,Petrol," $100,497.00 "," $147,493.00 ",298, $0.97 ,6.29,1.2,7,622," $62,509,134.00 "," $62,361,641.00 "
2024,May,Japan,IX,SUV,Diesel," $35,178.00 "," $196,800.00 ",238, $0.97 ,6.29,1.2,10,805," $28,318,290.00 "," $28,121,490.00 "
2019,Nov,Japan,3 SERIES,Sedan,Diesel," $52,118.00 "," $450,213.00 ",106, $0.97 ,6.29,1.2,9,667," $34,762,706.00 "," $34,312,493.00 "
2019,Nov,USA,X3,SUV,Diesel," $57,616.00 "," $241,480.00 ",376, $0.97 ,6.29,1.2,5,1202," $69,254,432.00 "," $69,012,952.00 "
2017,Feb,Brazil,X5,SUV,Hybrid," $35,798.00 "," $441,670.00 ",25, $0.97 ,6.29,1.2,6,151," $5,405,498.00 "," $4,963,828.00 "
2023,Aug,Germany,X7,SUV,Hybrid," $42,601.00 "," $481,739.00 ",288, $0.97 ,6.29,1.2,1,711," $30,289,311.00 "," $29,807,572.00 "
2018,Dec,UK,I7,Sedan,Petrol," $60,363.00 "," $171,648.00 ",144, $0.97 ,6.29,1.2,6,561," $33,863,643.00 "," $33,691,995.00 "
2019,Jun,UK,7 SERIES,Sedan,Petrol," $37,795.00 "," $337,307.00 ",35, $0.97 ,6.29,1.2,2,192," $7,256,640.00 "," $6,919,333.00 "
2018,Aug,Australia,5 SERIES,Sedan,Diesel," $80,264.00 "," $198,790.00 ",361, $0.97 ,6.29,1.2,6,936," $75,127,104.00 "," $74,928,314.00 "
2019,Nov,Australia,7 SERIES,Sedan,Hybrid," $107,833.00 "," $137,508.00 ",21, $0.97 ,6.29,1.2,9,395," $42,594,035.00 "," $42,456,527.00 "
2021,May,Japan,I7,Sedan,Electric," $38,084.00 "," $264,839.00 ",81, $0.97 ,6.29,1.2,8,267," $10,168,428.00 "," $9,903,589.00 "
2023,Oct,Japan,X7,SUV,Electric," $111,646.00 "," $351,763.00 ",142, $0.97 ,6.29,1.2,9,716," $79,938,536.00 "," $79,586,773.00 "
2021,Feb,France,I7,Sedan,Diesel," $35,731.00 "," $324,270.00 ",115, $0.97 ,6.29,1.2,10,524," $18,723,044.00 "," $18,398,774.00 "
2019,Jun,France,5 SERIES,Sedan,Diesel," $36,129.00 "," $114,926.00 ",229, $0.97 ,6.29,1.2,8,717," $25,904,493.00 "," $25,789,567.00 "
2024,May,Brazil,X3,SUV,Hybrid," $63,022.00 "," $90,633.00 ",382, $0.97 ,6.29,1.2,3,935," $58,925,570.00 "," $58,834,937.00 "
2024,Dec,France,X1,SUV,Hybrid," $36,605.00 "," $258,726.00 ",186, $0.97 ,6.29,1.2,8,622," $22,768,310.00 "," $22,509,584.00 "
2021,Dec,Germany,5 SERIES,Sedan,Hybrid," $112,506.00 "," $53,317.00 ",291, $0.97 ,6.29,1.2,6,681," $76,616,586.00 "," $76,563,269.00 "
2024,May,Germany,I7,Sedan,Petrol," $79,130.00 "," $357,124.00 ",142, $0.97 ,6.29,1.2,6,348," $27,537,240.00 "," $27,180,116.00 "
2019,Jan,UK,I7,Sedan,Petrol," $64,265.00 "," $356,259.00 ",31, $0.97 ,6.29,1.2,6,231," $14,845,215.00 "," $14,488,956.00 "
2017,Feb,China,X5,SUV,Diesel," $67,330.00 "," $242,718.00 ",278, $0.97 ,6.29,1.2,3,896," $60,327,680.00 "," $60,084,962.00 "
2021,Aug,Germany,X5,SUV,Petrol," $103,469.00 "," $355,302.00 ",170, $0.97 ,6.29,1.2,10,735," $76,049,715.00 "," $75,694,413.00 "
2016,Mar,India,I4,Sedan,Hybrid," $50,187.00 "," $237,035.00 ",116, $0.97 ,6.29,1.2,1,708," $35,532,396.00 "," $35,295,361.00 "
2023,Oct,Japan,X5,SUV,Hybrid," $60,791.00 "," $490,847.00 ",288, $0.97 ,6.29,1.2,4,625," $37,994,375.00 "," $37,503,528.00 "
2024,Mar,Australia,3 SERIES,Sedan,Petrol," $105,610.00 "," $230,388.00 ",362, $0.97 ,6.29,1.2,10,1022," $107,933,420.00 "," $107,703,032.00 "
2024,Aug,France,X1,SUV,Electric," $74,867.00 "," $417,508.00 ",244, $0.97 ,6.29,1.2,6,951," $71,198,517.00 "," $70,781,009.00 "
2015,Aug,UK,X7,SUV,Diesel," $35,893.00 "," $327,648.00 ",27, $0.97 ,6.29,1.2,10,212," $7,609,316.00 "," $7,281,668.00 "
2020,Feb,USA,5 SERIES,Sedan,Electric," $54,773.00 "," $249,665.00 ",251, $0.97 ,6.29,1.2,2,982," $53,787,086.00 "," $53,537,421.00 "
2021,Aug,Australia,I7,Sedan,Diesel," $39,239.00 "," $469,876.00 ",126, $0.97 ,6.29,1.2,7,659," $25,858,501.00 "," $25,388,625.00 "
2022,Nov,India,I4,Sedan,Electric," $55,863.00 "," $349,340.00 ",295, $0.97 ,6.29,1.2,7,1031," $57,594,753.00 "," $57,245,413.00 "
2024,Jan,France,I4,Sedan,Petrol," $86,415.00 "," $378,082.00 ",291, $0.97 ,6.29,1.2,4,666," $57,552,390.00 "," $57,174,308.00 "
2023,Jun,India,X7,SUV,Diesel," $103,968.00 "," $451,821.00 ",153, $0.97 ,6.29,1.2,4,601," $62,484,768.00 "," $62,032,947.00 "
2016,Aug,Japan,X1,SUV,Diesel," $95,430.00 "," $369,532.00 ",214, $0.97 ,6.29,1.2,1,510," $48,669,300.00 "," $48,299,768.00 "
2024,Mar,Japan,5 SERIES,Sedan,Diesel," $36,515.00 "," $262,369.00 ",48, $0.97 ,6.29,1.2,2,474," $17,308,110.00 "," $17,045,741.00 "
2016,Aug,Brazil,7 SERIES,Sedan,Hybrid," $49,605.00 "," $105,501.00 ",163, $0.97 ,6.29,1.2,9,759," $37,650,195.00 "," $37,544,694.00 "
2019,Dec,UK,X5,SUV,Hybrid," $91,240.00 "," $234,381.00 ",185, $0.97 ,6.29,1.2,10,750," $68,430,000.00 "," $68,195,619.00 "
2019,Jan,Australia,X3,SUV,Electric," $40,586.00 "," $77,043.00 ",250, $0.97 ,6.29,1.2,8,930," $37,744,980.00 "," $37,667,937.00 "
2020,Nov,Canada,I4,Sedan,Petrol," $66,186.00 "," $83,635.00 ",395, $0.97 ,6.29,1.2,8,905," $59,898,330.00 "," $59,814,695.00 "
2017,Nov,Canada,X5,SUV,Hybrid," $61,928.00 "," $260,387.00 ",378, $0.97 ,6.29,1.2,9,798," $49,418,544.00 "," $49,158,157.00 "
2022,Sep,Australia,X5,SUV,Diesel," $118,087.00 "," $130,691.00 ",143, $0.97 ,6.29,1.2,7,311," $36,725,057.00 "," $36,594,366.00 "
2015,Nov,USA,3 SERIES,Sedan,Hybrid," $55,711.00 "," $345,276.00 ",55, $0.97 ,6.29,1.2,9,170," $9,470,870.00 "," $9,125,594.00 "
2020,Sep,UK,X1,SUV,Petrol," $89,962.00 "," $327,510.00 ",59, $0.97 ,6.29,1.2,10,282," $25,369,284.00 "," $25,041,774.00 "
2018,May,India,X3,SUV,Hybrid," $55,039.00 "," $143,944.00 ",175, $0.97 ,6.29,1.2,2,668," $36,766,052.00 "," $36,622,108.00 "
2015,Oct,USA,7 SERIES,Sedan,Diesel," $71,561.00 "," $253,179.00 ",115, $0.97 ,6.29,1.2,6,284," $20,323,324.00 "," $20,070,145.00 "
2021,Apr,China,I7,Sedan,Electric," $110,483.00 "," $427,411.00 ",225, $0.97 ,6.29,1.2,3,641," $70,819,603.00 "," $70,392,192.00 "
2023,Nov,Australia,3 SERIES,Sedan,Diesel," $116,395.00 "," $89,236.00 ",155, $0.97 ,6.29,1.2,6,550," $64,017,250.00 "," $63,928,014.00 "
2018,Jun,India,X5,SUV,Petrol," $36,577.00 "," $316,294.00 ",81, $0.97 ,6.29,1.2,3,626," $22,897,202.00 "," $22,580,908.00 "
2018,Dec,Canada,X5,SUV,Electric," $63,350.00 "," $423,513.00 ",339, $0.97 ,6.29,1.2,8,1033," $65,440,550.00 "," $65,017,037.00 "
2020,Jul,Germany,IX,SUV,Hybrid," $68,798.00 "," $331,567.00 ",282, $0.97 ,6.29,1.2,4,730," $50,222,540.00 "," $49,890,973.00 "
2017,May,Brazil,X3,SUV,Hybrid," $116,417.00 "," $54,137.00 ",256, $0.97 ,6.29,1.2,10,705," $82,073,985.00 "," $82,019,848.00 "
2020,Nov,Canada,X3,SUV,Hybrid," $45,785.00 "," $79,992.00 ",195, $0.97 ,6.29,1.2,6,542," $24,815,470.00 "," $24,735,478.00 "
2021,Oct,UK,IX,SUV,Electric," $107,227.00 "," $422,684.00 ",79, $0.97 ,6.29,1.2,9,380," $40,746,260.00 "," $40,323,576.00 "
2024,Sep,Japan,X3,SUV,Diesel," $96,957.00 "," $165,140.00 ",159, $0.97 ,6.29,1.2,2,605," $58,658,985.00 "," $58,493,845.00 "
2024,Mar,Germany,X5,SUV,Electric," $100,431.00 "," $225,993.00 ",255, $0.97 ,6.29,1.2,2,646," $64,878,426.00 "," $64,652,433.00 "
2017,Jul,Brazil,I4,Sedan,Electric," $52,297.00 "," $171,225.00 ",271, $0.97 ,6.29,1.2,7,738," $38,595,186.00 "," $38,423,961.00 "
2021,Oct,Brazil,5 SERIES,Sedan,Petrol," $106,894.00 "," $379,061.00 ",35, $0.97 ,6.29,1.2,2,467," $49,919,498.00 "," $49,540,437.00 "
2017,Oct,China,X5,SUV,Electric," $98,772.00 "," $385,834.00 ",149, $0.97 ,6.29,1.2,2,406," $40,101,432.00 "," $39,715,598.00 "
2016,Nov,China,3 SERIES,Sedan,Hybrid," $54,581.00 "," $346,379.00 ",108, $0.97 ,6.29,1.2,4,346," $18,885,026.00 "," $18,538,647.00 "
2024,May,France,X1,SUV,Diesel," $90,192.00 "," $260,047.00 ",287, $0.97 ,6.29,1.2,9,784," $70,710,528.00 "," $70,450,481.00 "
2018,Jul,Canada,IX,SUV,Diesel," $36,462.00 "," $69,122.00 ",60, $0.97 ,6.29,1.2,8,182," $6,636,084.00 "," $6,566,962.00 "
2022,Feb,Canada,7 SERIES,Sedan,Diesel," $99,173.00 "," $336,100.00 ",160, $0.97 ,6.29,1.2,2,431," $42,743,563.00 "," $42,407,463.00 "
2023,Apr,Canada,I7,Sedan,Hybrid," $50,511.00 "," $113,879.00 ",113, $0.97 ,6.29,1.2,8,309," $15,607,899.00 "," $15,494,020.00 "
2021,Feb,France,7 SERIES,Sedan,Hybrid," $111,106.00 "," $108,560.00 ",98, $0.97 ,6.29,1.2,4,381," $42,331,386.00 "," $42,222,826.00 "
2015,Dec,USA,X5,SUV,Hybrid," $83,665.00 "," $422,454.00 ",150, $0.97 ,6.29,1.2,2,553," $46,266,745.00 "," $45,844,291.00 "
2017,Jul,Brazil,3 SERIES,Sedan,Hybrid," $79,414.00 "," $249,757.00 ",222, $0.97 ,6.29,1.2,10,632," $50,189,648.00 "," $49,939,891.00 "
2023,Feb,Germany,X5,SUV,Hybrid," $116,010.00 "," $467,876.00 ",242, $0.97 ,6.29,1.2,7,887," $102,900,870.00 "," $102,432,994.00 "
2015,Nov,UK,X1,SUV,Electric," $107,573.00 "," $287,268.00 ",192, $0.97 ,6.29,1.2,6,759," $81,647,907.00 "," $81,360,639.00 "
2023,Jan,Brazil,I4,Sedan,Hybrid," $48,386.00 "," $313,312.00 ",260, $0.97 ,6.29,1.2,10,615," $29,757,390.00 "," $29,444,078.00 "
2022,Sep,China,I7,Sedan,Hybrid," $89,460.00 "," $357,268.00 ",18, $0.97 ,6.29,1.2,5,111," $9,930,060.00 "," $9,572,792.00 "
2015,Jan,India,X1,SUV,Hybrid," $41,221.00 "," $216,969.00 ",88, $0.97 ,6.29,1.2,1,492," $20,280,732.00 "," $20,063,763.00 "
2020,Aug,Japan,IX,SUV,Hybrid," $58,474.00 "," $196,104.00 ",61, $0.97 ,6.29,1.2,2,245," $14,326,130.00 "," $14,130,026.00 "
2019,Feb,France,IX,SUV,Diesel," $56,045.00 "," $364,941.00 ",395, $0.97 ,6.29,1.2,8,1114," $62,434,130.00 "," $62,069,189.00 "
2020,Dec,Australia,X5,SUV,Hybrid," $39,922.00 "," $347,438.00 ",278, $0.97 ,6.29,1.2,1,641," $25,590,002.00 "," $25,242,564.00 "
2024,Aug,India,3 SERIES,Sedan,Electric," $57,706.00 "," $487,043.00 ",235, $0.97 ,6.29,1.2,3,737," $42,529,322.00 "," $42,042,279.00 "
2019,Mar,UK,X1,SUV,Electric," $77,771.00 "," $315,660.00 ",60, $0.97 ,6.29,1.2,2,225," $17,498,475.00 "," $17,182,815.00 "
2020,Jun,Canada,X7,SUV,Electric," $87,335.00 "," $200,823.00 ",195, $0.97 ,6.29,1.2,5,451," $39,388,085.00 "," $39,187,262.00 "
2019,Mar,China,3 SERIES,Sedan,Petrol," $87,949.00 "," $80,373.00 ",43, $0.97 ,6.29,1.2,4,265," $23,306,485.00 "," $23,226,112.00 "
2019,Jul,China,I4,Sedan,Diesel," $105,714.00 "," $172,026.00 ",300, $0.97 ,6.29,1.2,7,609," $64,379,826.00 "," $64,207,800.00 "
2018,Oct,China,IX,SUV,Hybrid," $50,240.00 "," $80,270.00 ",239, $0.97 ,6.29,1.2,5,703," $35,318,720.00 "," $35,238,450.00 "
2017,Sep,Canada,X5,SUV,Petrol," $37,716.00 "," $453,602.00 ",140, $0.97 ,6.29,1.2,8,327," $12,333,132.00 "," $11,879,530.00 "
2017,Feb,Australia,X3,SUV,Hybrid," $51,574.00 "," $282,931.00 ",129, $0.97 ,6.29,1.2,4,591," $30,480,234.00 "," $30,197,303.00 "
2018,Dec,France,IX,SUV,Petrol," $118,255.00 "," $245,889.00 ",335, $0.97 ,6.29,1.2,6,1069," $126,414,595.00 "," $126,168,706.00 "
2023,Dec,India,I7,Sedan,Petrol," $108,717.00 "," $115,184.00 ",256, $0.97 ,6.29,1.2,4,530," $57,620,010.00 "," $57,504,826.00 "
2016,May,Canada,5 SERIES,Sedan,Electric," $79,066.00 "," $260,765.00 ",201, $0.97 ,6.29,1.2,2,587," $46,411,742.00 "," $46,150,977.00 "
2023,Jun,UK,X3,SUV,Electric," $96,826.00 "," $87,879.00 ",332, $0.97 ,6.29,1.2,1,905," $87,627,530.00 "," $87,539,651.00 "
2015,Apr,France,X5,SUV,Petrol," $55,213.00 "," $361,741.00 ",219, $0.97 ,6.29,1.2,1,717," $39,587,721.00 "," $39,225,980.00 "
2015,Apr,UK,X7,SUV,Electric," $106,916.00 "," $482,348.00 ",112, $0.97 ,6.29,1.2,8,408," $43,621,728.00 "," $43,139,380.00 "
2019,Apr,France,X3,SUV,Petrol," $101,151.00 "," $53,626.00 ",338, $0.97 ,6.29,1.2,4,976," $98,723,376.00 "," $98,669,750.00 "
2020,Feb,Australia,I7,Sedan,Diesel," $85,906.00 "," $135,936.00 ",381, $0.97 ,6.29,1.2,5,802," $68,896,612.00 "," $68,760,676.00 "
2020,Apr,Japan,3 SERIES,Sedan,Electric," $35,463.00 "," $284,873.00 ",142, $0.97 ,6.29,1.2,8,644," $22,838,172.00 "," $22,553,299.00 "
2017,Nov,UK,X7,SUV,Electric," $66,973.00 "," $131,515.00 ",332, $0.97 ,6.29,1.2,7,737," $49,359,101.00 "," $49,227,586.00 "
2021,Jan,Canada,IX,SUV,Electric," $109,694.00 "," $258,137.00 ",148, $0.97 ,6.29,1.2,8,410," $44,974,540.00 "," $44,716,403.00 "
2023,Dec,France,X7,SUV,Diesel," $55,651.00 "," $105,390.00 ",130, $0.97 ,6.29,1.2,8,511," $28,437,661.00 "," $28,332,271.00 "
2024,Jun,China,X1,SUV,Petrol," $103,694.00 "," $459,861.00 ",103, $0.97 ,6.29,1.2,6,527," $54,646,738.00 "," $54,186,877.00 "
2022,Jan,Brazil,I7,Sedan,Hybrid," $55,008.00 "," $273,032.00 ",138, $0.97 ,6.29,1.2,10,521," $28,659,168.00 "," $28,386,136.00 "
2020,Oct,China,X3,SUV,Electric," $105,474.00 "," $104,144.00 ",100, $0.97 ,6.29,1.2,2,355," $37,443,270.00 "," $37,339,126.00 "
2022,Jun,USA,X1,SUV,Petrol," $73,185.00 "," $194,454.00 ",101, $0.97 ,6.29,1.2,6,406," $29,713,110.00 "," $29,518,656.00 "
2019,Jan,Japan,X7,SUV,Diesel," $109,417.00 "," $54,025.00 ",72, $0.97 ,6.29,1.2,1,250," $27,354,250.00 "," $27,300,225.00 "
2022,Jun,Japan,X1,SUV,Hybrid," $106,139.00 "," $486,442.00 ",38, $0.97 ,6.29,1.2,1,407," $43,198,573.00 "," $42,712,131.00 "
2024,Oct,China,7 SERIES,Sedan,Electric," $69,980.00 "," $391,524.00 ",219, $0.97 ,6.29,1.2,3,914," $63,961,720.00 "," $63,570,196.00 "
2018,Aug,India,I7,Sedan,Diesel," $57,504.00 "," $304,043.00 ",21, $0.97 ,6.29,1.2,3,387," $22,254,048.00 "," $21,950,005.00 "
2024,Nov,Australia,I4,Sedan,Diesel," $89,970.00 "," $168,910.00 ",342, $0.97 ,6.29,1.2,5,798," $71,796,060.00 "," $71,627,150.00 "
2022,Feb,UK,3 SERIES,Sedan,Hybrid," $51,766.00 "," $146,055.00 ",306, $0.97 ,6.29,1.2,1,1027," $53,163,682.00 "," $53,017,627.00 "
2024,Feb,Canada,X7,SUV,Petrol," $46,695.00 "," $438,333.00 ",139, $0.97 ,6.29,1.2,10,314," $14,662,230.00 "," $14,223,897.00 "
2016,Dec,Japan,I7,Sedan,Electric," $52,796.00 "," $255,782.00 ",302, $0.97 ,6.29,1.2,6,953," $50,314,588.00 "," $50,058,806.00 "
2019,Apr,China,I4,Sedan,Electric," $77,543.00 "," $446,659.00 ",182, $0.97 ,6.29,1.2,7,797," $61,801,771.00 "," $61,355,112.00 "
2023,Nov,China,I4,Sedan,Petrol," $49,559.00 "," $333,539.00 ",217, $0.97 ,6.29,1.2,10,668," $33,105,412.00 "," $32,771,873.00 "
2018,Mar,Australia,X5,SUV,Petrol," $68,139.00 "," $322,869.00 ",33, $0.97 ,6.29,1.2,3,459," $31,275,801.00 "," $30,952,932.00 "
2020,Apr,Australia,X1,SUV,Petrol," $43,802.00 "," $83,461.00 ",108, $0.97 ,6.29,1.2,4,637," $27,901,874.00 "," $27,818,413.00 "
2015,Dec,Germany,I4,Sedan,Hybrid," $108,843.00 "," $308,072.00 ",365, $0.97 ,6.29,1.2,10,822," $89,468,946.00 "," $89,160,874.00 "
2023,Jul,Germany,7 SERIES,Sedan,Hybrid," $75,205.00 "," $91,115.00 ",148, $0.97 ,6.29,1.2,10,309," $23,238,345.00 "," $23,147,230.00 "
2015,Nov,India,I7,Sedan,Electric," $69,159.00 "," $160,084.00 ",323, $0.97 ,6.29,1.2,10,994," $68,744,046.00 "," $68,583,962.00 "
2019,Jan,India,5 SERIES,Sedan,Hybrid," $46,516.00 "," $395,876.00 ",183, $0.97 ,6.29,1.2,10,496," $23,071,936.00 "," $22,676,060.00 "
2018,Jun,USA,5 SERIES,Sedan,Diesel," $85,492.00 "," $391,701.00 ",38, $0.97 ,6.29,1.2,10,354," $30,264,168.00 "," $29,872,467.00 "
2017,Mar,India,X7,SUV,Electric," $64,086.00 "," $383,404.00 ",152, $0.97 ,6.29,1.2,3,381," $24,416,766.00 "," $24,033,362.00 "
2020,Nov,France,IX,SUV,Hybrid," $65,480.00 "," $209,762.00 ",325, $0.97 ,6.29,1.2,1,984," $64,432,320.00 "," $64,222,558.00 "
2016,Oct,Australia,X1,SUV,Petrol," $87,091.00 "," $313,551.00 ",360, $0.97 ,6.29,1.2,8,829," $72,198,439.00 "," $71,884,888.00 "
2017,Jul,Canada,IX,SUV,Diesel," $82,766.00 "," $123,568.00 ",51, $0.97 ,6.29,1.2,10,106," $8,773,196.00 "," $8,649,628.00 "
2019,Oct,France,I4,Sedan,Petrol," $73,737.00 "," $108,560.00 ",308, $0.97 ,6.29,1.2,10,720," $53,090,640.00 "," $52,982,080.00 "
2023,Feb,UK,I7,Sedan,Electric," $44,265.00 "," $490,556.00 ",217, $0.97 ,6.29,1.2,2,835," $36,961,275.00 "," $36,470,719.00 "
2016,Feb,China,X7,SUV,Petrol," $105,990.00 "," $198,866.00 ",339, $0.97 ,6.29,1.2,1,1024," $108,533,760.00 "," $108,334,894.00 "
2024,Apr,India,X3,SUV,Hybrid," $50,386.00 "," $200,953.00 ",201, $0.97 ,6.29,1.2,8,815," $41,064,590.00 "," $40,863,637.00 "
2022,Jan,China,I4,Sedan,Hybrid," $72,425.00 "," $267,364.00 ",169, $0.97 ,6.29,1.2,7,719," $52,073,575.00 "," $51,806,211.00 "
2016,Mar,Japan,X1,SUV,Electric," $78,254.00 "," $286,770.00 ",73, $0.97 ,6.29,1.2,7,377," $29,501,758.00 "," $29,214,988.00 "
2019,Sep,USA,5 SERIES,Sedan,Petrol," $88,634.00 "," $276,024.00 ",252, $0.97 ,6.29,1.2,4,663," $58,764,342.00 "," $58,488,318.00 "
2021,Jul,Japan,X5,SUV,Electric," $82,662.00 "," $230,775.00 ",267, $0.97 ,6.29,1.2,9,641," $52,986,342.00 "," $52,755,567.00 "
2022,Jul,USA,I7,Sedan,Petrol," $110,452.00 "," $487,570.00 ",161, $0.97 ,6.29,1.2,6,415," $45,837,580.00 "," $45,350,010.00 "
2015,Nov,Germany,3 SERIES,Sedan,Diesel," $45,143.00 "," $141,288.00 ",224, $0.97 ,6.29,1.2,2,651," $29,388,093.00 "," $29,246,805.00 "
2020,Apr,China,IX,SUV,Hybrid," $50,581.00 "," $431,164.00 ",331, $0.97 ,6.29,1.2,1,877," $44,359,537.00 "," $43,928,373.00 "
2015,Feb,USA,X7,SUV,Electric," $102,443.00 "," $411,445.00 ",175, $0.97 ,6.29,1.2,1,533," $54,602,119.00 "," $54,190,674.00 "
2016,Apr,Brazil,IX,SUV,Diesel," $64,424.00 "," $299,836.00 ",40, $0.97 ,6.29,1.2,9,456," $29,377,344.00 "," $29,077,508.00 "
2015,Jun,France,I7,Sedan,Diesel," $76,984.00 "," $64,390.00 ",380, $0.97 ,6.29,1.2,4,814," $62,664,976.00 "," $62,600,586.00 "
2019,Nov,USA,IX,SUV,Electric," $76,505.00 "," $268,547.00 ",241, $0.97 ,6.29,1.2,5,557," $42,613,285.00 "," $42,344,738.00 "
2024,Nov,USA,I7,Sedan,Electric," $97,699.00 "," $77,307.00 ",291, $0.97 ,6.29,1.2,3,730," $71,320,270.00 "," $71,242,963.00 "
2023,Mar,France,IX,SUV,Diesel," $61,957.00 "," $277,436.00 ",38, $0.97 ,6.29,1.2,4,550," $34,076,350.00 "," $33,798,914.00 "
2020,Jan,China,7 SERIES,Sedan,Petrol," $60,464.00 "," $275,121.00 ",204, $0.97 ,6.29,1.2,8,842," $50,910,688.00 "," $50,635,567.00 "
2015,Dec,China,X3,SUV,Diesel," $58,649.00 "," $301,063.00 ",343, $0.97 ,6.29,1.2,4,1071," $62,813,079.00 "," $62,512,016.00 "
2015,Aug,France,I4,Sedan,Electric," $77,065.00 "," $74,502.00 ",265, $0.97 ,6.29,1.2,9,929," $71,593,385.00 "," $71,518,883.00 "
2016,Dec,Japan,I4,Sedan,Diesel," $69,758.00 "," $72,486.00 ",290, $0.97 ,6.29,1.2,9,977," $68,153,566.00 "," $68,081,080.00 "
2023,May,Brazil,X1,SUV,Petrol," $40,596.00 "," $423,957.00 ",313, $0.97 ,6.29,1.2,6,989," $40,149,444.00 "," $39,725,487.00 "
2017,May,Canada,3 SERIES,Sedan,Hybrid," $51,374.00 "," $219,330.00 ",330, $0.97 ,6.29,1.2,2,1096," $56,305,904.00 "," $56,086,574.00 "
2015,Nov,UK,3 SERIES,Sedan,Hybrid," $38,775.00 "," $238,788.00 ",332, $0.97 ,6.29,1.2,10,835," $32,377,125.00 "," $32,138,337.00 "
2019,Apr,Brazil,X1,SUV,Diesel," $62,388.00 "," $278,300.00 ",355, $0.97 ,6.29,1.2,7,886," $55,275,768.00 "," $54,997,468.00 "
2021,Jun,China,X5,SUV,Petrol," $56,029.00 "," $153,920.00 ",303, $0.97 ,6.29,1.2,9,682," $38,211,778.00 "," $38,057,858.00 "
2020,Mar,Canada,I4,Sedan,Hybrid," $118,981.00 "," $262,566.00 ",96, $0.97 ,6.29,1.2,6,622," $74,006,182.00 "," $73,743,616.00 "
2015,Sep,Germany,X5,SUV,Diesel," $88,639.00 "," $394,912.00 ",158, $0.97 ,6.29,1.2,3,482," $42,723,998.00 "," $42,329,086.00 "
2019,May,India,I7,Sedan,Diesel," $49,645.00 "," $453,964.00 ",258, $0.97 ,6.29,1.2,7,739," $36,687,655.00 "," $36,233,691.00 "
2019,Mar,USA,I7,Sedan,Petrol," $66,105.00 "," $112,785.00 ",330, $0.97 ,6.29,1.2,5,1062," $70,203,510.00 "," $70,090,725.00 "
2020,Nov,France,5 SERIES,Sedan,Electric," $48,668.00 "," $126,050.00 ",292, $0.97 ,6.29,1.2,1,995," $48,424,660.00 "," $48,298,610.00 "
2017,Jan,France,IX,SUV,Diesel," $50,960.00 "," $72,738.00 ",371, $0.97 ,6.29,1.2,3,759," $38,678,640.00 "," $38,605,902.00 "
2019,Oct,USA,3 SERIES,Sedan,Electric," $46,357.00 "," $124,231.00 ",388, $0.97 ,6.29,1.2,5,895," $41,489,515.00 "," $41,365,284.00 "
2021,Dec,India,5 SERIES,Sedan,Electric," $99,604.00 "," $123,606.00 ",207, $0.97 ,6.29,1.2,7,754," $75,101,416.00 "," $74,977,810.00 "
2019,Jun,UK,X3,SUV,Hybrid," $86,796.00 "," $353,806.00 ",53, $0.97 ,6.29,1.2,3,203," $17,619,588.00 "," $17,265,782.00 "
2019,Feb,India,X1,SUV,Electric," $50,804.00 "," $430,457.00 ",365, $0.97 ,6.29,1.2,6,1193," $60,609,172.00 "," $60,178,715.00 "
2019,Mar,Canada,X1,SUV,Petrol," $49,626.00 "," $277,369.00 ",37, $0.97 ,6.29,1.2,5,226," $11,215,476.00 "," $10,938,107.00 "
2024,Jan,India,I7,Sedan,Hybrid," $63,132.00 "," $327,267.00 ",26, $0.97 ,6.29,1.2,1,267," $16,856,244.00 "," $16,528,977.00 "
2024,Sep,Canada,I4,Sedan,Hybrid," $42,951.00 "," $206,688.00 ",136, $0.97 ,6.29,1.2,10,475," $20,401,725.00 "," $20,195,037.00 "
2017,Aug,India,X5,SUV,Hybrid," $41,449.00 "," $323,326.00 ",388, $0.97 ,6.29,1.2,6,1119," $46,381,431.00 "," $46,058,105.00 "
2015,Dec,UK,3 SERIES,Sedan,Diesel," $54,065.00 "," $402,513.00 ",177, $0.97 ,6.29,1.2,8,713," $38,548,345.00 "," $38,145,832.00 "
2019,Feb,UK,5 SERIES,Sedan,Diesel," $44,130.00 "," $212,403.00 ",253, $0.97 ,6.29,1.2,1,744," $32,832,720.00 "," $32,620,317.00 "
2023,Dec,China,X5,SUV,Electric," $97,287.00 "," $227,170.00 ",396, $0.97 ,6.29,1.2,2,963," $93,687,381.00 "," $93,460,211.00 "
2015,Nov,USA,5 SERIES,Sedan,Hybrid," $86,702.00 "," $76,128.00 ",85, $0.97 ,6.29,1.2,4,304," $26,357,408.00 "," $26,281,280.00 "
2017,Aug,UK,IX,SUV,Hybrid," $71,993.00 "," $81,556.00 ",240, $0.97 ,6.29,1.2,2,766," $55,146,638.00 "," $55,065,082.00 "
2018,Dec,Canada,X3,SUV,Petrol," $66,875.00 "," $308,470.00 ",213, $0.97 ,6.29,1.2,9,434," $29,023,750.00 "," $28,715,280.00 "
2015,Sep,UK,X3,SUV,Electric," $41,054.00 "," $202,948.00 ",257, $0.97 ,6.29,1.2,10,905," $37,153,870.00 "," $36,950,922.00 "
2015,Jan,China,X5,SUV,Petrol," $83,517.00 "," $190,021.00 ",311, $0.97 ,6.29,1.2,8,662," $55,288,254.00 "," $55,098,233.00 "
2022,May,France,X5,SUV,Electric," $111,368.00 "," $101,962.00 ",223, $0.97 ,6.29,1.2,8,513," $57,131,784.00 "," $57,029,822.00 "
2016,Aug,Canada,X5,SUV,Electric," $64,670.00 "," $140,054.00 ",224, $0.97 ,6.29,1.2,4,800," $51,736,000.00 "," $51,595,946.00 "
2022,Nov,China,5 SERIES,Sedan,Diesel," $84,112.00 "," $252,278.00 ",167, $0.97 ,6.29,1.2,5,679," $57,112,048.00 "," $56,859,770.00 "
2021,Feb,Japan,IX,SUV,Diesel," $63,307.00 "," $74,099.00 ",78, $0.97 ,6.29,1.2,4,221," $13,990,847.00 "," $13,916,748.00 "
2024,Apr,Japan,7 SERIES,Sedan,Petrol," $102,087.00 "," $285,943.00 ",94, $0.97 ,6.29,1.2,9,256," $26,134,272.00 "," $25,848,329.00 "
2024,Jul,Germany,X5,SUV,Electric," $82,922.00 "," $455,932.00 ",276, $0.97 ,6.29,1.2,2,853," $70,732,466.00 "," $70,276,534.00 "
2016,Mar,India,I4,Sedan,Hybrid," $98,080.00 "," $233,683.00 ",78, $0.97 ,6.29,1.2,8,317," $31,091,360.00 "," $30,857,677.00 "
2020,Dec,USA,3 SERIES,Sedan,Diesel," $114,335.00 "," $219,957.00 ",108, $0.97 ,6.29,1.2,2,461," $52,708,435.00 "," $52,488,478.00 "
2020,May,Australia,3 SERIES,Sedan,Hybrid," $61,312.00 "," $365,288.00 ",356, $0.97 ,6.29,1.2,1,964," $59,104,768.00 "," $58,739,480.00 "
2017,Aug,Brazil,5 SERIES,Sedan,Petrol," $101,985.00 "," $246,292.00 ",225, $0.97 ,6.29,1.2,10,453," $46,199,205.00 "," $45,952,913.00 "
2016,Dec,China,X5,SUV,Diesel," $92,608.00 "," $57,837.00 ",170, $0.97 ,6.29,1.2,3,622," $57,602,176.00 "," $57,544,339.00 "
2015,Oct,France,I7,Sedan,Diesel," $75,277.00 "," $230,427.00 ",103, $0.97 ,6.29,1.2,9,275," $20,701,175.00 "," $20,470,748.00 "
2020,Mar,Brazil,X1,SUV,Electric," $66,551.00 "," $228,371.00 ",183, $0.97 ,6.29,1.2,3,400," $26,620,400.00 "," $26,392,029.00 "
2019,Apr,France,7 SERIES,Sedan,Petrol," $91,597.00 "," $462,375.00 ",174, $0.97 ,6.29,1.2,9,769," $70,438,093.00 "," $69,975,718.00 "
2023,Sep,Brazil,I4,Sedan,Electric," $80,212.00 "," $437,356.00 ",124, $0.97 ,6.29,1.2,7,519," $41,630,028.00 "," $41,192,672.00 "
2015,Jul,China,IX,SUV,Diesel," $44,637.00 "," $428,824.00 ",229, $0.97 ,6.29,1.2,10,861," $38,432,457.00 "," $38,003,633.00 "
2021,Jan,Australia,I7,Sedan,Petrol," $78,258.00 "," $298,003.00 ",40, $0.97 ,6.29,1.2,1,505," $39,520,290.00 "," $39,222,287.00 "
2019,Dec,Brazil,X3,SUV,Diesel," $70,693.00 "," $418,946.00 ",20, $0.97 ,6.29,1.2,10,429," $30,327,297.00 "," $29,908,351.00 "
2019,Apr,China,I7,Sedan,Petrol," $44,824.00 "," $152,413.00 ",352, $0.97 ,6.29,1.2,5,1007," $45,137,768.00 "," $44,985,355.00 "
2016,Apr,UK,5 SERIES,Sedan,Diesel," $61,950.00 "," $101,012.00 ",386, $0.97 ,6.29,1.2,9,931," $57,675,450.00 "," $57,574,438.00 "
2017,Sep,Australia,7 SERIES,Sedan,Hybrid," $58,488.00 "," $180,193.00 ",139, $0.97 ,6.29,1.2,3,426," $24,915,888.00 "," $24,735,695.00 "
2021,Jun,Canada,X7,SUV,Hybrid," $35,215.00 "," $268,168.00 ",114, $0.97 ,6.29,1.2,9,288," $10,141,920.00 "," $9,873,752.00 "
2020,Sep,France,X7,SUV,Electric," $46,523.00 "," $198,178.00 ",36, $0.97 ,6.29,1.2,5,298," $13,863,854.00 "," $13,665,676.00 "
2016,Dec,Japan,X5,SUV,Hybrid," $110,900.00 "," $108,123.00 ",236, $0.97 ,6.29,1.2,9,868," $96,261,200.00 "," $96,153,077.00 "
2020,Jun,India,X5,SUV,Diesel," $103,689.00 "," $161,825.00 ",11, $0.97 ,6.29,1.2,10,92," $9,539,388.00 "," $9,377,563.00 "
2016,Jun,Japan,5 SERIES,Sedan,Diesel," $58,834.00 "," $58,720.00 ",368, $0.97 ,6.29,1.2,6,1006," $59,187,004.00 "," $59,128,284.00 "
2016,May,Australia,IX,SUV,Hybrid," $69,474.00 "," $218,733.00 ",110, $0.97 ,6.29,1.2,9,548," $38,071,752.00 "," $37,853,019.00 "
2016,May,Canada,X5,SUV,Electric," $78,066.00 "," $296,103.00 ",30, $0.97 ,6.29,1.2,7,187," $14,598,342.00 "," $14,302,239.00 "
2017,Feb,France,X1,SUV,Hybrid," $45,400.00 "," $274,970.00 ",67, $0.97 ,6.29,1.2,7,286," $12,984,400.00 "," $12,709,430.00 "
2016,Aug,Canada,7 SERIES,Sedan,Petrol," $45,345.00 "," $274,866.00 ",398, $0.97 ,6.29,1.2,8,916," $41,536,020.00 "," $41,261,154.00 "
2018,Aug,Brazil,5 SERIES,Sedan,Petrol," $68,896.00 "," $464,336.00 ",189, $0.97 ,6.29,1.2,7,708," $48,778,368.00 "," $48,314,032.00 "
2023,Nov,France,3 SERIES,Sedan,Petrol," $63,899.00 "," $200,862.00 ",350, $0.97 ,6.29,1.2,9,1021," $65,240,879.00 "," $65,040,017.00 "
2020,Jan,Brazil,X3,SUV,Hybrid," $63,229.00 "," $108,655.00 ",358, $0.97 ,6.29,1.2,9,749," $47,358,521.00 "," $47,249,866.00 "
2015,Aug,China,5 SERIES,Sedan,Hybrid," $40,583.00 "," $240,715.00 ",29, $0.97 ,6.29,1.2,6,417," $16,923,111.00 "," $16,682,396.00 "
2022,May,Australia,5 SERIES,Sedan,Hybrid," $39,897.00 "," $143,448.00 ",264, $0.97 ,6.29,1.2,7,631," $25,175,007.00 "," $25,031,559.00 "
2021,Feb,China,X7,SUV,Petrol," $106,537.00 "," $228,446.00 ",326, $0.97 ,6.29,1.2,2,928," $98,866,336.00 "," $98,637,890.00 "
2024,Feb,Germany,I4,Sedan,Electric," $39,567.00 "," $223,979.00 ",47, $0.97 ,6.29,1.2,9,123," $4,866,741.00 "," $4,642,762.00 "
2017,Jun,Canada,IX,SUV,Diesel," $109,807.00 "," $231,143.00 ",157, $0.97 ,6.29,1.2,1,380," $41,726,660.00 "," $41,495,517.00 "
2015,Nov,Brazil,I4,Sedan,Hybrid," $112,239.00 "," $170,507.00 ",34, $0.97 ,6.29,1.2,1,446," $50,058,594.00 "," $49,888,087.00 "
2019,Sep,UK,X1,SUV,Electric," $48,329.00 "," $346,956.00 ",395, $0.97 ,6.29,1.2,3,1088," $52,581,952.00 "," $52,234,996.00 "
2018,Jan,China,3 SERIES,Sedan,Diesel," $106,792.00 "," $361,714.00 ",130, $0.97 ,6.29,1.2,6,496," $52,968,832.00 "," $52,607,118.00 "
2024,Dec,Germany,X7,SUV,Diesel," $35,228.00 "," $363,045.00 ",35, $0.97 ,6.29,1.2,5,171," $6,023,988.00 "," $5,660,943.00 "
2022,Jun,USA,3 SERIES,Sedan,Diesel," $117,214.00 "," $110,186.00 ",178, $0.97 ,6.29,1.2,2,511," $59,896,354.00 "," $59,786,168.00 "
2015,Sep,Japan,X1,SUV,Electric," $72,052.00 "," $172,066.00 ",332, $0.97 ,6.29,1.2,9,908," $65,423,216.00 "," $65,251,150.00 "
2024,Aug,France,I4,Sedan,Electric," $92,769.00 "," $440,508.00 ",234, $0.97 ,6.29,1.2,10,778," $72,174,282.00 "," $71,733,774.00 "
2015,Nov,Germany,5 SERIES,Sedan,Petrol," $81,032.00 "," $231,323.00 ",10, $0.97 ,6.29,1.2,4,247," $20,014,904.00 "," $19,783,581.00 "
2018,Jun,Australia,X5,SUV,Electric," $68,686.00 "," $246,243.00 ",316, $0.97 ,6.29,1.2,4,834," $57,284,124.00 "," $57,037,881.00 "
2022,Mar,China,X5,SUV,Electric," $111,981.00 "," $86,160.00 ",270, $0.97 ,6.29,1.2,5,573," $64,165,113.00 "," $64,078,953.00 "
2019,Aug,Australia,I7,Sedan,Electric," $98,261.00 "," $69,156.00 ",22, $0.97 ,6.29,1.2,8,155," $15,230,455.00 "," $15,161,299.00 "
2016,Sep,Japan,X3,SUV,Diesel," $37,809.00 "," $126,208.00 ",57, $0.97 ,6.29,1.2,10,529," $20,000,961.00 "," $19,874,753.00 "
2020,Jan,UK,IX,SUV,Hybrid," $76,785.00 "," $199,001.00 ",322, $0.97 ,6.29,1.2,4,744," $57,128,040.00 "," $56,929,039.00 "
2019,Dec,Canada,X1,SUV,Petrol," $71,547.00 "," $281,226.00 ",380, $0.97 ,6.29,1.2,5,1087," $77,771,589.00 "," $77,490,363.00 "
2016,Sep,Canada,X3,SUV,Hybrid," $77,818.00 "," $497,421.00 ",300, $0.97 ,6.29,1.2,4,684," $53,227,512.00 "," $52,730,091.00 "
2017,Jun,Australia,IX,SUV,Hybrid," $106,927.00 "," $291,766.00 ",341, $0.97 ,6.29,1.2,6,933," $99,762,891.00 "," $99,471,125.00 "
2023,Jun,Brazil,X3,SUV,Electric," $100,681.00 "," $245,413.00 ",103, $0.97 ,6.29,1.2,3,235," $23,660,035.00 "," $23,414,622.00 "
2021,Dec,UK,I4,Sedan,Petrol," $114,465.00 "," $407,521.00 ",270, $0.97 ,6.29,1.2,8,553," $63,299,145.00 "," $62,891,624.00 "
2021,Apr,Canada,IX,SUV,Hybrid," $72,333.00 "," $355,007.00 ",287, $0.97 ,6.29,1.2,6,644," $46,582,452.00 "," $46,227,445.00 "
2020,Jan,UK,I4,Sedan,Hybrid," $51,576.00 "," $262,909.00 ",368, $0.97 ,6.29,1.2,10,1073," $55,341,048.00 "," $55,078,139.00 "
2022,Oct,Germany,5 SERIES,Sedan,Petrol," $74,405.00 "," $115,439.00 ",214, $0.97 ,6.29,1.2,5,597," $44,419,785.00 "," $44,304,346.00 "
2018,Aug,UK,X7,SUV,Electric," $108,779.00 "," $188,266.00 ",194, $0.97 ,6.29,1.2,2,827," $89,960,233.00 "," $89,771,967.00 "
2022,Feb,India,I4,Sedan,Hybrid," $66,601.00 "," $252,459.00 ",184, $0.97 ,6.29,1.2,10,425," $28,305,425.00 "," $28,052,966.00 "
2018,Dec,Japan,X5,SUV,Diesel," $102,946.00 "," $171,361.00 ",396, $0.97 ,6.29,1.2,10,869," $89,460,074.00 "," $89,288,713.00 "
2022,Jan,Canada,X3,SUV,Hybrid," $102,356.00 "," $262,986.00 ",389, $0.97 ,6.29,1.2,7,1067," $109,213,852.00 "," $108,950,866.00 "
2023,Feb,UK,I7,Sedan,Diesel," $87,116.00 "," $247,286.00 ",318, $0.97 ,6.29,1.2,2,816," $71,086,656.00 "," $70,839,370.00 "
2017,Jan,Australia,7 SERIES,Sedan,Electric," $97,894.00 "," $408,320.00 ",78, $0.97 ,6.29,1.2,1,457," $44,737,558.00 "," $44,329,238.00 "
2017,Jan,USA,IX,SUV,Hybrid," $69,635.00 "," $79,777.00 ",113, $0.97 ,6.29,1.2,7,533," $37,115,455.00 "," $37,035,678.00 "
2016,Sep,India,X1,SUV,Petrol," $42,465.00 "," $306,427.00 ",255, $0.97 ,6.29,1.2,5,775," $32,910,375.00 "," $32,603,948.00 "
2024,Jan,India,I7,Sedan,Petrol," $91,754.00 "," $207,255.00 ",170, $0.97 ,6.29,1.2,1,683," $62,667,982.00 "," $62,460,727.00 "
2017,Apr,Brazil,X5,SUV,Hybrid," $73,871.00 "," $470,661.00 ",209, $0.97 ,6.29,1.2,4,525," $38,782,275.00 "," $38,311,614.00 "
2017,Oct,UK,I4,Sedan,Electric," $97,874.00 "," $248,110.00 ",225, $0.97 ,6.29,1.2,4,482," $47,175,268.00 "," $46,927,158.00 "
2019,Jun,Brazil,X7,SUV,Electric," $112,733.00 "," $399,345.00 ",221, $0.97 ,6.29,1.2,10,861," $97,063,113.00 "," $96,663,768.00 "
2019,Jul,Brazil,5 SERIES,Sedan,Petrol," $64,511.00 "," $459,414.00 ",25, $0.97 ,6.29,1.2,7,193," $12,450,623.00 "," $11,991,209.00 "
2016,Feb,USA,7 SERIES,Sedan,Hybrid," $115,960.00 "," $464,627.00 ",381, $0.97 ,6.29,1.2,9,805," $93,347,800.00 "," $92,883,173.00 "
2024,Jun,Germany,3 SERIES,Sedan,Electric," $83,821.00 "," $231,649.00 ",341, $0.97 ,6.29,1.2,2,883," $74,013,943.00 "," $73,782,294.00 "
2020,Jul,UK,I7,Sedan,Petrol," $100,776.00 "," $328,011.00 ",214, $0.97 ,6.29,1.2,1,714," $71,954,064.00 "," $71,626,053.00 "
2019,Oct,China,X7,SUV,Diesel," $105,167.00 "," $112,501.00 ",374, $0.97 ,6.29,1.2,2,824," $86,657,608.00 "," $86,545,107.00 "
2020,Oct,Canada,3 SERIES,Sedan,Hybrid," $110,135.00 "," $195,338.00 ",48, $0.97 ,6.29,1.2,7,347," $38,216,845.00 "," $38,021,507.00 "
2015,Feb,Brazil,7 SERIES,Sedan,Diesel," $79,462.00 "," $351,566.00 ",98, $0.97 ,6.29,1.2,10,298," $23,679,676.00 "," $23,328,110.00 "
2019,Feb,Japan,X1,SUV,Diesel," $96,382.00 "," $216,280.00 ",265, $0.97 ,6.29,1.2,6,596," $57,443,672.00 "," $57,227,392.00 "
2023,Oct,France,X1,SUV,Electric," $67,574.00 "," $171,544.00 ",263, $0.97 ,6.29,1.2,4,713," $48,180,262.00 "," $48,008,718.00 "
2024,Jul,Japan,X3,SUV,Electric," $76,910.00 "," $474,429.00 ",225, $0.97 ,6.29,1.2,1,686," $52,760,260.00 "," $52,285,831.00 "
2016,Dec,USA,7 SERIES,Sedan,Electric," $108,531.00 "," $188,439.00 ",377, $0.97 ,6.29,1.2,1,785," $85,196,835.00 "," $85,008,396.00 "
2015,Jan,USA,7 SERIES,Sedan,Hybrid," $60,186.00 "," $305,230.00 ",312, $0.97 ,6.29,1.2,5,922," $55,491,492.00 "," $55,186,262.00 "
2024,Aug,Australia,3 SERIES,Sedan,Diesel," $57,813.00 "," $85,362.00 ",181, $0.97 ,6.29,1.2,1,514," $29,715,882.00 "," $29,630,520.00 "
2023,Nov,Germany,X7,SUV,Hybrid," $113,812.00 "," $300,449.00 ",146, $0.97 ,6.29,1.2,7,570," $64,872,840.00 "," $64,572,391.00 "
2024,Mar,Canada,IX,SUV,Electric," $113,282.00 "," $363,732.00 ",393, $0.97 ,6.29,1.2,1,1129," $127,895,378.00 "," $127,531,646.00 "
2023,Nov,Brazil,3 SERIES,Sedan,Diesel," $53,557.00 "," $219,357.00 ",187, $0.97 ,6.29,1.2,1,599," $32,080,643.00 "," $31,861,286.00 "
2023,Jun,Japan,5 SERIES,Sedan,Hybrid," $63,060.00 "," $176,683.00 ",86, $0.97 ,6.29,1.2,2,256," $16,143,360.00 "," $15,966,677.00 "
2020,Sep,France,X1,SUV,Hybrid," $93,866.00 "," $306,157.00 ",197, $0.97 ,6.29,1.2,10,377," $35,387,482.00 "," $35,081,325.00 "
2022,Jun,USA,X1,SUV,Petrol," $107,104.00 "," $255,827.00 ",24, $0.97 ,6.29,1.2,3,185," $19,814,240.00 "," $19,558,413.00 "
2015,Sep,USA,X3,SUV,Hybrid," $119,577.00 "," $252,918.00 ",301, $0.97 ,6.29,1.2,1,678," $81,073,206.00 "," $80,820,288.00 "
2024,Jul,Germany,5 SERIES,Sedan,Electric," $41,080.00 "," $348,451.00 ",328, $0.97 ,6.29,1.2,9,967," $39,724,360.00 "," $39,375,909.00 "
2018,Sep,France,X1,SUV,Hybrid," $48,854.00 "," $392,424.00 ",334, $0.97 ,6.29,1.2,10,966," $47,192,964.00 "," $46,800,540.00 "
2015,Feb,France,3 SERIES,Sedan,Diesel," $102,695.00 "," $463,083.00 ",223, $0.97 ,6.29,1.2,8,538," $55,249,910.00 "," $54,786,827.00 "
2022,Dec,Germany,5 SERIES,Sedan,Hybrid," $62,025.00 "," $368,667.00 ",217, $0.97 ,6.29,1.2,5,880," $54,582,000.00 "," $54,213,333.00 "
2015,Aug,USA,3 SERIES,Sedan,Petrol," $87,982.00 "," $449,594.00 ",178, $0.97 ,6.29,1.2,2,495," $43,551,090.00 "," $43,101,496.00 "
2017,Aug,Canada,IX,SUV,Diesel," $76,081.00 "," $265,757.00 ",339, $0.97 ,6.29,1.2,5,879," $66,875,199.00 "," $66,609,442.00 "
2018,Feb,UK,IX,SUV,Diesel," $39,368.00 "," $157,669.00 ",289, $0.97 ,6.29,1.2,6,971," $38,226,328.00 "," $38,068,659.00 "
2022,Dec,UK,X1,SUV,Petrol," $62,094.00 "," $258,030.00 ",314, $0.97 ,6.29,1.2,1,1012," $62,839,128.00 "," $62,581,098.00 "
2020,Apr,Germany,X1,SUV,Electric," $81,040.00 "," $208,998.00 ",155, $0.97 ,6.29,1.2,4,707," $57,295,280.00 "," $57,086,282.00 "
2024,Nov,France,X7,SUV,Diesel," $101,766.00 "," $153,215.00 ",272, $0.97 ,6.29,1.2,9,753," $76,629,798.00 "," $76,476,583.00 "
2021,Jul,Brazil,IX,SUV,Electric," $118,053.00 "," $148,707.00 ",13, $0.97 ,6.29,1.2,2,290," $34,235,370.00 "," $34,086,663.00 "
2022,Nov,Germany,I7,Sedan,Diesel," $58,991.00 "," $456,396.00 ",99, $0.97 ,6.29,1.2,5,457," $26,958,887.00 "," $26,502,491.00 "
2016,Apr,Canada,I7,Sedan,Diesel," $36,301.00 "," $142,837.00 ",69, $0.97 ,6.29,1.2,1,595," $21,599,095.00 "," $21,456,258.00 "
2024,Apr,Germany,X3,SUV,Electric," $63,610.00 "," $430,214.00 ",320, $0.97 ,6.29,1.2,4,1086," $69,080,460.00 "," $68,650,246.00 "
2022,Jun,India,IX,SUV,Diesel," $116,463.00 "," $480,147.00 ",25, $0.97 ,6.29,1.2,4,244," $28,416,972.00 "," $27,936,825.00 "
2017,Oct,Japan,3 SERIES,Sedan,Electric," $69,678.00 "," $467,230.00 ",236, $0.97 ,6.29,1.2,6,889," $61,943,742.00 "," $61,476,512.00 "
2021,Jun,France,3 SERIES,Sedan,Petrol," $59,466.00 "," $295,847.00 ",38, $0.97 ,6.29,1.2,10,415," $24,678,390.00 "," $24,382,543.00 "
2017,Oct,Australia,X5,SUV,Electric," $115,440.00 "," $277,544.00 ",160, $0.97 ,6.29,1.2,9,527," $60,836,880.00 "," $60,559,336.00 "
2021,Mar,Australia,5 SERIES,Sedan,Petrol," $75,875.00 "," $392,016.00 ",254, $0.97 ,6.29,1.2,3,694," $52,657,250.00 "," $52,265,234.00 "
2016,Sep,France,I4,Sedan,Diesel," $61,081.00 "," $399,880.00 ",279, $0.97 ,6.29,1.2,9,848," $51,796,688.00 "," $51,396,808.00 "
2024,Dec,Canada,I7,Sedan,Electric," $59,354.00 "," $317,614.00 ",88, $0.97 ,6.29,1.2,6,426," $25,284,804.00 "," $24,967,190.00 "
2020,Oct,India,X1,SUV,Diesel," $53,300.00 "," $277,467.00 ",298, $0.97 ,6.29,1.2,7,782," $41,680,600.00 "," $41,403,133.00 "
2017,Nov,India,X3,SUV,Electric," $99,384.00 "," $196,025.00 ",162, $0.97 ,6.29,1.2,10,515," $51,182,760.00 "," $50,986,735.00 "
2017,Feb,USA,I4,Sedan,Petrol," $95,892.00 "," $285,652.00 ",286, $0.97 ,6.29,1.2,2,804," $77,097,168.00 "," $76,811,516.00 "
2023,Jun,Japan,7 SERIES,Sedan,Petrol," $70,525.00 "," $481,723.00 ",288, $0.97 ,6.29,1.2,10,869," $61,286,225.00 "," $60,804,502.00 "
2021,Dec,UK,X3,SUV,Electric," $61,532.00 "," $405,113.00 ",66, $0.97 ,6.29,1.2,6,201," $12,367,932.00 "," $11,962,819.00 "
2019,Jul,China,7 SERIES,Sedan,Petrol," $41,464.00 "," $141,493.00 ",195, $0.97 ,6.29,1.2,6,524," $21,727,136.00 "," $21,585,643.00 "
2024,Dec,Canada,IX,SUV,Diesel," $51,562.00 "," $318,667.00 ",102, $0.97 ,6.29,1.2,2,476," $24,543,512.00 "," $24,224,845.00 "
2021,Sep,China,7 SERIES,Sedan,Diesel," $90,514.00 "," $267,995.00 ",285, $0.97 ,6.29,1.2,2,884," $80,014,376.00 "," $79,746,381.00 "
2023,Mar,China,7 SERIES,Sedan,Hybrid," $109,219.00 "," $238,262.00 ",167, $0.97 ,6.29,1.2,2,430," $46,964,170.00 "," $46,725,908.00 "
2015,Oct,France,X7,SUV,Petrol," $67,634.00 "," $490,977.00 ",284, $0.97 ,6.29,1.2,10,849," $57,421,266.00 "," $56,930,289.00 "
2021,Mar,Australia,X7,SUV,Diesel," $35,060.00 "," $343,313.00 ",190, $0.97 ,6.29,1.2,1,469," $16,443,140.00 "," $16,099,827.00 "
2020,Jul,Australia,X7,SUV,Electric," $44,269.00 "," $95,641.00 ",368, $0.97 ,6.29,1.2,5,994," $44,003,386.00 "," $43,907,745.00 "
2024,Apr,UK,IX,SUV,Petrol," $98,143.00 "," $204,062.00 ",86, $0.97 ,6.29,1.2,8,468," $45,930,924.00 "," $45,726,862.00 "
2023,Aug,France,I4,Sedan,Diesel," $58,065.00 "," $79,661.00 ",160, $0.97 ,6.29,1.2,2,786," $45,639,090.00 "," $45,559,429.00 "
2015,Jul,China,X3,SUV,Petrol," $37,895.00 "," $194,491.00 ",247, $0.97 ,6.29,1.2,5,762," $28,875,990.00 "," $28,681,499.00 "
2018,May,Brazil,X3,SUV,Electric," $115,859.00 "," $326,601.00 ",298, $0.97 ,6.29,1.2,8,640," $74,149,760.00 "," $73,823,159.00 "
2023,Jul,Australia,X1,SUV,Diesel," $47,352.00 "," $379,744.00 ",240, $0.97 ,6.29,1.2,10,640," $30,305,280.00 "," $29,925,536.00 "
2018,Mar,Canada,X7,SUV,Hybrid," $84,737.00 "," $153,619.00 ",27, $0.97 ,6.29,1.2,5,224," $18,981,088.00 "," $18,827,469.00 "
2024,Dec,Canada,IX,SUV,Hybrid," $67,016.00 "," $388,246.00 ",82, $0.97 ,6.29,1.2,2,641," $42,957,256.00 "," $42,569,010.00 "
2017,Feb,USA,X1,SUV,Petrol," $96,304.00 "," $83,085.00 ",198, $0.97 ,6.29,1.2,3,668," $64,331,072.00 "," $64,247,987.00 "
2023,Jun,Germany,5 SERIES,Sedan,Electric," $46,962.00 "," $147,064.00 ",26, $0.97 ,6.29,1.2,6,396," $18,596,952.00 "," $18,449,888.00 "
2016,Feb,Brazil,X1,SUV,Diesel," $68,302.00 "," $231,726.00 ",28, $0.97 ,6.29,1.2,5,438," $29,916,276.00 "," $29,684,550.00 "
2018,Mar,Australia,I4,Sedan,Electric," $39,011.00 "," $449,346.00 ",228, $0.97 ,6.29,1.2,4,951," $37,099,461.00 "," $36,650,115.00 "
2020,Jun,India,I7,Sedan,Diesel," $54,782.00 "," $155,723.00 ",335, $0.97 ,6.29,1.2,4,1066," $58,397,612.00 "," $58,241,889.00 "
2016,May,Australia,7 SERIES,Sedan,Petrol," $102,691.00 "," $183,114.00 ",129, $0.97 ,6.29,1.2,5,390," $40,049,490.00 "," $39,866,376.00 "
2022,Aug,USA,X7,SUV,Diesel," $74,725.00 "," $382,278.00 ",110, $0.97 ,6.29,1.2,2,303," $22,641,675.00 "," $22,259,397.00 "
2022,Sep,Canada,I7,Sedan,Electric," $44,196.00 "," $355,126.00 ",43, $0.97 ,6.29,1.2,9,247," $10,916,412.00 "," $10,561,286.00 "
2015,Nov,China,X1,SUV,Electric," $78,459.00 "," $377,329.00 ",93, $0.97 ,6.29,1.2,2,576," $45,192,384.00 "," $44,815,055.00 "
2017,Mar,India,IX,SUV,Petrol," $113,863.00 "," $83,477.00 ",205, $0.97 ,6.29,1.2,10,693," $78,907,059.00 "," $78,823,582.00 "
2024,Dec,France,7 SERIES,Sedan,Electric," $67,769.00 "," $164,161.00 ",339, $0.97 ,6.29,1.2,2,1095," $74,207,055.00 "," $74,042,894.00 "
2023,Oct,Japan,X3,SUV,Diesel," $59,700.00 "," $364,853.00 ",211, $0.97 ,6.29,1.2,10,482," $28,775,400.00 "," $28,410,547.00 "
2019,Mar,China,3 SERIES,Sedan,Petrol," $115,356.00 "," $209,788.00 ",353, $0.97 ,6.29,1.2,9,980," $113,048,880.00 "," $112,839,092.00 "
2020,Mar,Japan,7 SERIES,Sedan,Diesel," $111,427.00 "," $390,281.00 ",350, $0.97 ,6.29,1.2,3,1075," $119,784,025.00 "," $119,393,744.00 "
2018,Jun,Brazil,I4,Sedan,Electric," $40,269.00 "," $348,162.00 ",20, $0.97 ,6.29,1.2,10,476," $19,168,044.00 "," $18,819,882.00 "
2024,Jan,Germany,I4,Sedan,Petrol," $78,880.00 "," $189,133.00 ",356, $0.97 ,6.29,1.2,7,1122," $88,503,360.00 "," $88,314,227.00 "
2016,Jul,India,X1,SUV,Diesel," $43,320.00 "," $189,681.00 ",227, $0.97 ,6.29,1.2,4,641," $27,768,120.00 "," $27,578,439.00 "
2022,Dec,UK,5 SERIES,Sedan,Electric," $84,589.00 "," $347,515.00 ",262, $0.97 ,6.29,1.2,6,820," $69,362,980.00 "," $69,015,465.00 "
2020,Jan,India,I4,Sedan,Electric," $111,276.00 "," $291,422.00 ",231, $0.97 ,6.29,1.2,4,789," $87,796,764.00 "," $87,505,342.00 "
2019,May,Australia,I4,Sedan,Hybrid," $70,897.00 "," $395,165.00 ",392, $0.97 ,6.29,1.2,10,985," $69,833,545.00 "," $69,438,380.00 "
2023,Oct,Canada,IX,SUV,Electric," $93,565.00 "," $464,021.00 ",378, $0.97 ,6.29,1.2,7,928," $86,828,320.00 "," $86,364,299.00 "
2015,Aug,Australia,X1,SUV,Diesel," $65,930.00 "," $320,001.00 ",89, $0.97 ,6.29,1.2,1,301," $19,844,930.00 "," $19,524,929.00 "
2019,Apr,Australia,7 SERIES,Sedan,Petrol," $92,233.00 "," $192,692.00 ",16, $0.97 ,6.29,1.2,3,70," $6,456,310.00 "," $6,263,618.00 "
2020,May,Brazil,5 SERIES,Sedan,Hybrid," $117,821.00 "," $58,177.00 ",281, $0.97 ,6.29,1.2,3,654," $77,054,934.00 "," $76,996,757.00 "
2019,Apr,China,I7,Sedan,Electric," $49,380.00 "," $473,327.00 ",236, $0.97 ,6.29,1.2,1,584," $28,837,920.00 "," $28,364,593.00 "
2020,Dec,UK,3 SERIES,Sedan,Electric," $111,896.00 "," $301,842.00 ",25, $0.97 ,6.29,1.2,6,396," $44,310,816.00 "," $44,008,974.00 "
2020,Dec,UK,X7,SUV,Electric," $105,934.00 "," $400,722.00 ",21, $0.97 ,6.29,1.2,9,238," $25,212,292.00 "," $24,811,570.00 "
2021,Apr,Australia,X3,SUV,Diesel," $90,830.00 "," $139,941.00 ",300, $0.97 ,6.29,1.2,8,629," $57,132,070.00 "," $56,992,129.00 "
2018,Dec,Japan,I4,Sedan,Hybrid," $40,529.00 "," $308,121.00 ",250, $0.97 ,6.29,1.2,7,662," $26,830,198.00 "," $26,522,077.00 "
2022,Aug,Brazil,X1,SUV,Diesel," $117,987.00 "," $61,826.00 ",30, $0.97 ,6.29,1.2,10,80," $9,438,960.00 "," $9,377,134.00 "
2021,Feb,Australia,X7,SUV,Hybrid," $84,178.00 "," $194,962.00 ",187, $0.97 ,6.29,1.2,8,401," $33,755,378.00 "," $33,560,416.00 "
2023,Jan,Germany,X3,SUV,Petrol," $41,937.00 "," $394,572.00 ",237, $0.97 ,6.29,1.2,6,588," $24,658,956.00 "," $24,264,384.00 "
2021,Mar,Canada,X3,SUV,Diesel," $74,886.00 "," $176,044.00 ",282, $0.97 ,6.29,1.2,9,935," $70,018,410.00 "," $69,842,366.00 "
2017,Sep,China,I7,Sedan,Diesel," $84,699.00 "," $239,103.00 ",297, $0.97 ,6.29,1.2,3,796," $67,420,404.00 "," $67,181,301.00 "
2017,Apr,France,I7,Sedan,Petrol," $111,396.00 "," $387,164.00 ",306, $0.97 ,6.29,1.2,10,964," $107,385,744.00 "," $106,998,580.00 "
2022,Oct,Germany,I7,Sedan,Hybrid," $60,279.00 "," $55,495.00 ",143, $0.97 ,6.29,1.2,10,312," $18,807,048.00 "," $18,751,553.00 "
2019,May,Japan,X5,SUV,Electric," $73,106.00 "," $78,481.00 ",292, $0.97 ,6.29,1.2,9,977," $71,424,562.00 "," $71,346,081.00 "
2018,Feb,India,X5,SUV,Petrol," $114,737.00 "," $192,339.00 ",162, $0.97 ,6.29,1.2,4,747," $85,708,539.00 "," $85,516,200.00 "
2022,Apr,India,X3,SUV,Electric," $75,544.00 "," $430,041.00 ",75, $0.97 ,6.29,1.2,7,581," $43,891,064.00 "," $43,461,023.00 "
2020,Feb,Germany,I7,Sedan,Electric," $43,997.00 "," $286,774.00 ",146, $0.97 ,6.29,1.2,9,389," $17,114,833.00 "," $16,828,059.00 "
2016,Feb,Australia,IX,SUV,Petrol," $75,860.00 "," $187,815.00 ",101, $0.97 ,6.29,1.2,2,330," $25,033,800.00 "," $24,845,985.00 "
2018,Apr,France,I4,Sedan,Hybrid," $38,225.00 "," $498,016.00 ",326, $0.97 ,6.29,1.2,2,1118," $42,735,550.00 "," $42,237,534.00 "
2018,Jun,USA,X7,SUV,Electric," $94,470.00 "," $153,475.00 ",268, $0.97 ,6.29,1.2,9,733," $69,246,510.00 "," $69,093,035.00 "
2020,Jul,USA,X7,SUV,Petrol," $98,656.00 "," $229,845.00 ",112, $0.97 ,6.29,1.2,3,479," $47,256,224.00 "," $47,026,379.00 "
2020,Oct,Japan,X5,SUV,Diesel," $86,880.00 "," $369,186.00 ",64, $0.97 ,6.29,1.2,9,194," $16,854,720.00 "," $16,485,534.00 "
2015,Mar,Australia,X3,SUV,Diesel," $96,078.00 "," $99,476.00 ",266, $0.97 ,6.29,1.2,5,637," $61,201,686.00 "," $61,102,210.00 "
2022,Mar,UK,X1,SUV,Diesel," $111,290.00 "," $273,177.00 ",110, $0.97 ,6.29,1.2,6,277," $30,827,330.00 "," $30,554,153.00 "
2020,Oct,UK,7 SERIES,Sedan,Petrol," $91,633.00 "," $340,696.00 ",207, $0.97 ,6.29,1.2,2,502," $45,999,766.00 "," $45,659,070.00 "
2017,Jun,China,7 SERIES,Sedan,Diesel," $61,655.00 "," $246,314.00 ",310, $0.97 ,6.29,1.2,8,1066," $65,724,230.00 "," $65,477,916.00 "
2023,Dec,France,X5,SUV,Electric," $78,601.00 "," $488,988.00 ",235, $0.97 ,6.29,1.2,9,810," $63,666,810.00 "," $63,177,822.00 "
2016,Mar,France,X1,SUV,Diesel," $38,114.00 "," $486,946.00 ",246, $0.97 ,6.29,1.2,2,968," $36,894,352.00 "," $36,407,406.00 "
2022,Feb,India,X5,SUV,Diesel," $61,502.00 "," $210,020.00 ",35, $0.97 ,6.29,1.2,6,270," $16,605,540.00 "," $16,395,520.00 "
2024,Aug,Brazil,7 SERIES,Sedan,Electric," $84,768.00 "," $257,383.00 ",130, $0.97 ,6.29,1.2,6,451," $38,230,368.00 "," $37,972,985.00 "
2017,May,Japan,X1,SUV,Diesel," $83,128.00 "," $119,093.00 ",191, $0.97 ,6.29,1.2,8,512," $42,561,536.00 "," $42,442,443.00 "
2019,Jan,USA,I7,Sedan,Electric," $55,028.00 "," $119,123.00 ",208, $0.97 ,6.29,1.2,10,685," $37,694,180.00 "," $37,575,057.00 "
2020,Mar,Japan,X3,SUV,Diesel," $90,565.00 "," $66,535.00 ",311, $0.97 ,6.29,1.2,5,1051," $95,183,815.00 "," $95,117,280.00 "
2024,Oct,UK,X7,SUV,Electric," $118,123.00 "," $378,634.00 ",264, $0.97 ,6.29,1.2,9,912," $107,728,176.00 "," $107,349,542.00 "
2020,Aug,UK,IX,SUV,Diesel," $70,333.00 "," $96,562.00 ",131, $0.97 ,6.29,1.2,1,376," $26,445,208.00 "," $26,348,646.00 "
2018,Apr,Germany,5 SERIES,Sedan,Electric," $38,174.00 "," $431,186.00 ",40, $0.97 ,6.29,1.2,9,420," $16,033,080.00 "," $15,601,894.00 "
2017,Jul,China,X3,SUV,Petrol," $70,398.00 "," $306,323.00 ",324, $0.97 ,6.29,1.2,10,951," $66,948,498.00 "," $66,642,175.00 "
2018,Oct,France,I7,Sedan,Electric," $70,929.00 "," $401,224.00 ",294, $0.97 ,6.29,1.2,7,869," $61,637,301.00 "," $61,236,077.00 "
2015,Dec,Canada,7 SERIES,Sedan,Diesel," $39,321.00 "," $308,916.00 ",115, $0.97 ,6.29,1.2,4,367," $14,430,807.00 "," $14,121,891.00 "
2018,Feb,Japan,I7,Sedan,Diesel," $90,421.00 "," $239,607.00 ",233, $0.97 ,6.29,1.2,3,591," $53,438,811.00 "," $53,199,204.00 "
2015,Jul,UK,X5,SUV,Hybrid," $107,635.00 "," $280,063.00 ",282, $0.97 ,6.29,1.2,10,662," $71,254,370.00 "," $70,974,307.00 "
2015,May,Brazil,X1,SUV,Electric," $58,760.00 "," $91,269.00 ",241, $0.97 ,6.29,1.2,6,916," $53,824,160.00 "," $53,732,891.00 "
2024,May,India,X7,SUV,Petrol," $46,360.00 "," $130,674.00 ",265, $0.97 ,6.29,1.2,1,695," $32,220,200.00 "," $32,089,526.00 "
2020,Jun,USA,I4,Sedan,Electric," $45,313.00 "," $354,606.00 ",33, $0.97 ,6.29,1.2,3,530," $24,015,890.00 "," $23,661,284.00 "
2019,Sep,China,X5,SUV,Electric," $40,801.00 "," $446,343.00 ",118, $0.97 ,6.29,1.2,2,716," $29,213,516.00 "," $28,767,173.00 "
2018,Jun,Brazil,X3,SUV,Petrol," $49,130.00 "," $335,291.00 ",200, $0.97 ,6.29,1.2,9,533," $26,186,290.00 "," $25,850,999.00 "
2017,Dec,China,X5,SUV,Electric," $49,271.00 "," $488,744.00 ",356, $0.97 ,6.29,1.2,3,967," $47,645,057.00 "," $47,156,313.00 "
2015,Aug,Germany,X3,SUV,Petrol," $51,075.00 "," $127,095.00 ",34, $0.97 ,6.29,1.2,2,388," $19,817,100.00 "," $19,690,005.00 "
2020,Jul,Canada,I4,Sedan,Petrol," $53,984.00 "," $294,172.00 ",196, $0.97 ,6.29,1.2,4,545," $29,421,280.00 "," $29,127,108.00 "
2016,Sep,UK,3 SERIES,Sedan,Electric," $95,942.00 "," $250,003.00 ",297, $0.97 ,6.29,1.2,2,892," $85,580,264.00 "," $85,330,261.00 "
2022,Apr,India,X7,SUV,Electric," $47,861.00 "," $140,925.00 ",125, $0.97 ,6.29,1.2,1,669," $32,019,009.00 "," $31,878,084.00 "
2024,Feb,Brazil,IX,SUV,Diesel," $117,203.00 "," $116,381.00 ",347, $0.97 ,6.29,1.2,6,926," $108,529,978.00 "," $108,413,597.00 "
2019,Jul,China,IX,SUV,Diesel," $106,376.00 "," $149,468.00 ",375, $0.97 ,6.29,1.2,10,749," $79,675,624.00 "," $79,526,156.00 "
2021,Jun,France,5 SERIES,Sedan,Hybrid," $96,247.00 "," $292,330.00 ",46, $0.97 ,6.29,1.2,8,136," $13,089,592.00 "," $12,797,262.00 "
2024,Jan,Germany,I7,Sedan,Hybrid," $104,101.00 "," $375,893.00 ",291, $0.97 ,6.29,1.2,10,727," $75,681,427.00 "," $75,305,534.00 "
2016,Nov,France,3 SERIES,Sedan,Electric," $55,977.00 "," $481,888.00 ",146, $0.97 ,6.29,1.2,10,600," $33,586,200.00 "," $33,104,312.00 "
2022,Sep,India,IX,SUV,Petrol," $85,617.00 "," $63,731.00 ",236, $0.97 ,6.29,1.2,2,674," $57,705,858.00 "," $57,642,127.00 "
2016,Sep,Brazil,X5,SUV,Hybrid," $92,473.00 "," $436,791.00 ",329, $0.97 ,6.29,1.2,9,935," $86,462,255.00 "," $86,025,464.00 "
2018,Dec,Germany,I7,Sedan,Electric," $107,902.00 "," $497,728.00 ",337, $0.97 ,6.29,1.2,3,719," $77,581,538.00 "," $77,083,810.00 "
2015,Feb,Brazil,3 SERIES,Sedan,Hybrid," $50,630.00 "," $101,024.00 ",191, $0.97 ,6.29,1.2,8,780," $39,491,400.00 "," $39,390,376.00 "
2019,Mar,UK,X1,SUV,Petrol," $55,056.00 "," $166,712.00 ",371, $0.97 ,6.29,1.2,8,913," $50,266,128.00 "," $50,099,416.00 "
2023,May,Australia,X1,SUV,Electric," $42,382.00 "," $151,121.00 ",95, $0.97 ,6.29,1.2,3,465," $19,707,630.00 "," $19,556,509.00 "
2015,May,Germany,I7,Sedan,Petrol," $90,739.00 "," $315,976.00 ",62, $0.97 ,6.29,1.2,3,527," $47,819,453.00 "," $47,503,477.00 "
2023,Jan,France,X3,SUV,Electric," $116,685.00 "," $82,332.00 ",357, $0.97 ,6.29,1.2,6,900," $105,016,500.00 "," $104,934,168.00 "
2022,Aug,India,X3,SUV,Hybrid," $83,639.00 "," $62,467.00 ",364, $0.97 ,6.29,1.2,1,823," $68,834,897.00 "," $68,772,430.00 "
2020,Dec,Canada,X5,SUV,Diesel," $94,838.00 "," $91,025.00 ",244, $0.97 ,6.29,1.2,4,560," $53,109,280.00 "," $53,018,255.00 "
2021,Aug,UK,3 SERIES,Sedan,Hybrid," $81,041.00 "," $194,179.00 ",276, $0.97 ,6.29,1.2,1,636," $51,542,076.00 "," $51,347,897.00 "
2017,Apr,Australia,3 SERIES,Sedan,Hybrid," $35,992.00 "," $127,994.00 ",296, $0.97 ,6.29,1.2,3,907," $32,644,744.00 "," $32,516,750.00 "
2015,Jul,Canada,I7,Sedan,Diesel," $107,394.00 "," $144,202.00 ",109, $0.97 ,6.29,1.2,9,224," $24,056,256.00 "," $23,912,054.00 "
2019,Nov,USA,7 SERIES,Sedan,Diesel," $102,657.00 "," $93,481.00 ",96, $0.97 ,6.29,1.2,5,186," $19,094,202.00 "," $19,000,721.00 "
2016,Oct,UK,X1,SUV,Electric," $62,160.00 "," $445,797.00 ",24, $0.97 ,6.29,1.2,5,406," $25,236,960.00 "," $24,791,163.00 "
2019,Mar,India,3 SERIES,Sedan,Electric," $80,156.00 "," $125,118.00 ",110, $0.97 ,6.29,1.2,4,455," $36,470,980.00 "," $36,345,862.00 "
2022,Jun,China,I7,Sedan,Petrol," $86,375.00 "," $436,154.00 ",174, $0.97 ,6.29,1.2,3,711," $61,412,625.00 "," $60,976,471.00 "
2023,Oct,Germany,I4,Sedan,Petrol," $54,572.00 "," $494,854.00 ",38, $0.97 ,6.29,1.2,5,253," $13,806,716.00 "," $13,311,862.00 "
2016,Oct,Brazil,5 SERIES,Sedan,Hybrid," $39,136.00 "," $173,714.00 ",123, $0.97 ,6.29,1.2,4,387," $15,145,632.00 "," $14,971,918.00 "
2017,Dec,India,I4,Sedan,Diesel," $96,868.00 "," $451,634.00 ",116, $0.97 ,6.29,1.2,8,455," $44,074,940.00 "," $43,623,306.00 "
2017,Sep,Germany,X7,SUV,Petrol," $117,263.00 "," $274,699.00 ",373, $0.97 ,6.29,1.2,4,880," $103,191,440.00 "," $102,916,741.00 "
2015,Jan,Canada,X5,SUV,Hybrid," $67,167.00 "," $210,185.00 ",139, $0.97 ,6.29,1.2,8,380," $25,523,460.00 "," $25,313,275.00 "
2022,May,Brazil,3 SERIES,Sedan,Diesel," $50,479.00 "," $134,363.00 ",93, $0.97 ,6.29,1.2,6,372," $18,778,188.00 "," $18,643,825.00 "
2020,Apr,Japan,X7,SUV,Electric," $66,376.00 "," $435,751.00 ",280, $0.97 ,6.29,1.2,5,610," $40,489,360.00 "," $40,053,609.00 "
2022,Aug,France,IX,SUV,Hybrid," $39,823.00 "," $375,188.00 ",253, $0.97 ,6.29,1.2,4,794," $31,619,462.00 "," $31,244,274.00 "
2023,Nov,USA,X7,SUV,Electric," $105,456.00 "," $261,027.00 ",397, $0.97 ,6.29,1.2,4,1130," $119,165,280.00 "," $118,904,253.00 "
2019,Dec,UK,I7,Sedan,Petrol," $54,585.00 "," $323,958.00 ",223, $0.97 ,6.29,1.2,4,861," $46,997,685.00 "," $46,673,727.00 "
2017,Jan,India,3 SERIES,Sedan,Petrol," $52,272.00 "," $411,484.00 ",315, $0.97 ,6.29,1.2,9,1036," $54,153,792.00 "," $53,742,308.00 "
2019,Sep,USA,5 SERIES,Sedan,Diesel," $61,619.00 "," $322,168.00 ",175, $0.97 ,6.29,1.2,4,606," $37,341,114.00 "," $37,018,946.00 "
2019,Jun,China,I7,Sedan,Hybrid," $110,069.00 "," $244,360.00 ",288, $0.97 ,6.29,1.2,9,791," $87,064,579.00 "," $86,820,219.00 "
2019,Apr,Germany,I7,Sedan,Electric," $74,895.00 "," $421,380.00 ",68, $0.97 ,6.29,1.2,10,547," $40,967,565.00 "," $40,546,185.00 "
2017,Dec,Germany,X5,SUV,Diesel," $38,720.00 "," $107,836.00 ",99, $0.97 ,6.29,1.2,6,349," $13,513,280.00 "," $13,405,444.00 "
2024,Sep,India,X5,SUV,Petrol," $54,267.00 "," $319,579.00 ",380, $0.97 ,6.29,1.2,10,1149," $62,352,783.00 "," $62,033,204.00 "
2018,Nov,Australia,X1,SUV,Petrol," $50,696.00 "," $305,095.00 ",340, $0.97 ,6.29,1.2,7,898," $45,525,008.00 "," $45,219,913.00 "
2023,May,Australia,X1,SUV,Hybrid," $64,968.00 "," $382,745.00 ",203, $0.97 ,6.29,1.2,10,522," $33,913,296.00 "," $33,530,551.00 "
2024,May,Japan,X3,SUV,Electric," $88,364.00 "," $311,176.00 ",132, $0.97 ,6.29,1.2,3,411," $36,317,604.00 "," $36,006,428.00 "
2023,Dec,France,7 SERIES,Sedan,Hybrid," $58,345.00 "," $433,015.00 ",145, $0.97 ,6.29,1.2,8,334," $19,487,230.00 "," $19,054,215.00 "
2016,May,Brazil,3 SERIES,Sedan,Electric," $86,567.00 "," $299,717.00 ",148, $0.97 ,6.29,1.2,3,463," $40,080,521.00 "," $39,780,804.00 "
2022,Jan,China,3 SERIES,Sedan,Electric," $96,607.00 "," $184,479.00 ",238, $0.97 ,6.29,1.2,1,579," $55,935,453.00 "," $55,750,974.00 "
2022,Jan,USA,X7,SUV,Hybrid," $54,385.00 "," $411,087.00 ",283, $0.97 ,6.29,1.2,10,881," $47,913,185.00 "," $47,502,098.00 "
2021,Aug,Australia,3 SERIES,Sedan,Diesel," $118,658.00 "," $82,940.00 ",59, $0.97 ,6.29,1.2,5,496," $58,854,368.00 "," $58,771,428.00 "
2022,Dec,Japan,3 SERIES,Sedan,Hybrid," $101,900.00 "," $55,666.00 ",127, $0.97 ,6.29,1.2,2,450," $45,855,000.00 "," $45,799,334.00 "
2017,Aug,Japan,7 SERIES,Sedan,Hybrid," $103,244.00 "," $349,266.00 ",211, $0.97 ,6.29,1.2,10,821," $84,763,324.00 "," $84,414,058.00 "
2020,Dec,India,IX,SUV,Petrol," $100,425.00 "," $430,791.00 ",200, $0.97 ,6.29,1.2,6,827," $83,051,475.00 "," $82,620,684.00 "
2015,Jun,China,X1,SUV,Petrol," $113,518.00 "," $206,164.00 ",373, $0.97 ,6.29,1.2,10,1156," $131,226,808.00 "," $131,020,644.00 "
2021,Dec,Canada,X1,SUV,Hybrid," $117,844.00 "," $441,897.00 ",332, $0.97 ,6.29,1.2,9,738," $86,968,872.00 "," $86,526,975.00 "
2015,Nov,Brazil,5 SERIES,Sedan,Hybrid," $67,919.00 "," $435,546.00 ",190, $0.97 ,6.29,1.2,1,600," $40,751,400.00 "," $40,315,854.00 "
2023,Apr,France,3 SERIES,Sedan,Petrol," $92,196.00 "," $256,717.00 ",87, $0.97 ,6.29,1.2,4,566," $52,182,936.00 "," $51,926,219.00 "
2015,Feb,UK,7 SERIES,Sedan,Electric," $114,401.00 "," $413,334.00 ",84, $0.97 ,6.29,1.2,1,268," $30,659,468.00 "," $30,246,134.00 "
2015,Feb,India,X1,SUV,Hybrid," $35,495.00 "," $412,612.00 ",304, $0.97 ,6.29,1.2,1,973," $34,536,635.00 "," $34,124,023.00 "
2021,Sep,Brazil,7 SERIES,Sedan,Diesel," $79,755.00 "," $441,351.00 ",290, $0.97 ,6.29,1.2,8,602," $48,012,510.00 "," $47,571,159.00 "
2016,May,UK,I4,Sedan,Diesel," $102,684.00 "," $76,505.00 ",30, $0.97 ,6.29,1.2,2,336," $34,501,824.00 "," $34,425,319.00 "
2019,Apr,UK,IX,SUV,Diesel," $68,324.00 "," $86,713.00 ",180, $0.97 ,6.29,1.2,1,636," $43,454,064.00 "," $43,367,351.00 "
2022,Oct,China,3 SERIES,Sedan,Hybrid," $113,929.00 "," $497,603.00 ",24, $0.97 ,6.29,1.2,8,324," $36,912,996.00 "," $36,415,393.00 "
2022,Jan,China,5 SERIES,Sedan,Electric," $36,552.00 "," $355,313.00 ",220, $0.97 ,6.29,1.2,4,724," $26,463,648.00 "," $26,108,335.00 "
2017,Jul,USA,X7,SUV,Electric," $86,272.00 "," $254,354.00 ",57, $0.97 ,6.29,1.2,3,150," $12,940,800.00 "," $12,686,446.00 "
2021,Mar,Japan,X1,SUV,Petrol," $70,853.00 "," $127,511.00 ",95, $0.97 ,6.29,1.2,4,429," $30,395,937.00 "," $30,268,426.00 "
2017,Jun,Brazil,I4,Sedan,Hybrid," $67,924.00 "," $494,958.00 ",158, $0.97 ,6.29,1.2,5,576," $39,124,224.00 "," $38,629,266.00 "
2020,May,India,7 SERIES,Sedan,Electric," $109,462.00 "," $352,666.00 ",197, $0.97 ,6.29,1.2,1,744," $81,439,728.00 "," $81,087,062.00 "
2020,May,Germany,X5,SUV,Hybrid," $58,889.00 "," $262,204.00 ",381, $0.97 ,6.29,1.2,1,819," $48,230,091.00 "," $47,967,887.00 "
2017,Nov,India,I7,Sedan,Petrol," $89,675.00 "," $300,694.00 ",315, $0.97 ,6.29,1.2,3,1029," $92,275,575.00 "," $91,974,881.00 "
2021,May,USA,3 SERIES,Sedan,Petrol," $108,591.00 "," $299,836.00 ",160, $0.97 ,6.29,1.2,6,403," $43,762,173.00 "," $43,462,337.00 "
2017,Jan,France,3 SERIES,Sedan,Petrol," $105,190.00 "," $284,561.00 ",150, $0.97 ,6.29,1.2,1,515," $54,172,850.00 "," $53,888,289.00 "
2022,Jan,Japan,I4,Sedan,Diesel," $57,634.00 "," $411,541.00 ",78, $0.97 ,6.29,1.2,2,557," $32,102,138.00 "," $31,690,597.00 "
2024,Mar,Germany,7 SERIES,Sedan,Hybrid," $67,363.00 "," $53,880.00 ",269, $0.97 ,6.29,1.2,7,607," $40,889,341.00 "," $40,835,461.00 "
2018,Dec,Australia,X3,SUV,Petrol," $98,752.00 "," $486,670.00 ",343, $0.97 ,6.29,1.2,1,1116," $110,207,232.00 "," $109,720,562.00 "
2015,Oct,France,3 SERIES,Sedan,Hybrid," $112,004.00 "," $498,927.00 ",18, $0.97 ,6.29,1.2,7,130," $14,560,520.00 "," $14,061,593.00 "
2018,Apr,China,X3,SUV,Diesel," $91,398.00 "," $93,539.00 ",130, $0.97 ,6.29,1.2,4,559," $51,091,482.00 "," $50,997,943.00 "
2021,May,UK,X5,SUV,Diesel," $75,718.00 "," $290,056.00 ",380, $0.97 ,6.29,1.2,10,1088," $82,381,184.00 "," $82,091,128.00 "
2018,Feb,Australia,I4,Sedan,Petrol," $117,916.00 "," $269,057.00 ",110, $0.97 ,6.29,1.2,6,360," $42,449,760.00 "," $42,180,703.00 "
2020,Aug,India,7 SERIES,Sedan,Petrol," $61,870.00 "," $64,799.00 ",158, $0.97 ,6.29,1.2,8,740," $45,783,800.00 "," $45,719,001.00 "
2023,Nov,India,7 SERIES,Sedan,Electric," $72,394.00 "," $154,843.00 ",155, $0.97 ,6.29,1.2,9,521," $37,717,274.00 "," $37,562,431.00 "
2015,Nov,China,IX,SUV,Hybrid," $87,057.00 "," $493,942.00 ",362, $0.97 ,6.29,1.2,6,1196," $104,120,172.00 "," $103,626,230.00 "
2019,Feb,USA,I7,Sedan,Petrol," $114,795.00 "," $98,784.00 ",252, $0.97 ,6.29,1.2,9,724," $83,111,580.00 "," $83,012,796.00 "
2021,Sep,Brazil,X1,SUV,Electric," $115,409.00 "," $163,034.00 ",250, $0.97 ,6.29,1.2,4,710," $81,940,390.00 "," $81,777,356.00 "
2015,Feb,Australia,X1,SUV,Hybrid," $48,016.00 "," $486,549.00 ",346, $0.97 ,6.29,1.2,6,1156," $55,506,496.00 "," $55,019,947.00 "
2018,Sep,Australia,X7,SUV,Petrol," $77,137.00 "," $484,044.00 ",52, $0.97 ,6.29,1.2,8,243," $18,744,291.00 "," $18,260,247.00 "
2020,Jul,Canada,5 SERIES,Sedan,Electric," $35,153.00 "," $250,598.00 ",104, $0.97 ,6.29,1.2,9,630," $22,146,390.00 "," $21,895,792.00 "
2016,Aug,France,I4,Sedan,Electric," $42,853.00 "," $104,362.00 ",235, $0.97 ,6.29,1.2,3,666," $28,540,098.00 "," $28,435,736.00 "
2024,Nov,Japan,X5,SUV,Hybrid," $47,379.00 "," $103,997.00 ",15, $0.97 ,6.29,1.2,2,59," $2,795,361.00 "," $2,691,364.00 "
2019,Feb,France,7 SERIES,Sedan,Electric," $50,792.00 "," $231,413.00 ",223, $0.97 ,6.29,1.2,6,804," $40,836,768.00 "," $40,605,355.00 "
2024,Jul,Brazil,I7,Sedan,Hybrid," $73,367.00 "," $462,289.00 ",215, $0.97 ,6.29,1.2,4,596," $43,726,732.00 "," $43,264,443.00 "
2015,Dec,India,X3,SUV,Hybrid," $53,100.00 "," $414,543.00 ",76, $0.97 ,6.29,1.2,1,320," $16,992,000.00 "," $16,577,457.00 "
2020,Jun,India,I4,Sedan,Hybrid," $98,456.00 "," $326,693.00 ",109, $0.97 ,6.29,1.2,8,565," $55,627,640.00 "," $55,300,947.00 "
2020,Apr,India,X7,SUV,Diesel," $46,049.00 "," $369,064.00 ",21, $0.97 ,6.29,1.2,9,96," $4,420,704.00 "," $4,051,640.00 "
2018,Jul,Canada,I4,Sedan,Electric," $35,786.00 "," $266,398.00 ",246, $0.97 ,6.29,1.2,9,575," $20,576,950.00 "," $20,310,552.00 "
2022,Apr,India,X7,SUV,Hybrid," $104,904.00 "," $310,464.00 ",331, $0.97 ,6.29,1.2,2,968," $101,547,072.00 "," $101,236,608.00 "
2018,Feb,Brazil,7 SERIES,Sedan,Petrol," $65,699.00 "," $463,532.00 ",267, $0.97 ,6.29,1.2,9,582," $38,236,818.00 "," $37,773,286.00 "
2022,Oct,China,5 SERIES,Sedan,Diesel," $82,691.00 "," $207,255.00 ",346, $0.97 ,6.29,1.2,7,1124," $92,944,684.00 "," $92,737,429.00 "
2022,Dec,Japan,X7,SUV,Diesel," $72,040.00 "," $406,004.00 ",144, $0.97 ,6.29,1.2,5,697," $50,211,880.00 "," $49,805,876.00 "
2019,Jul,Brazil,7 SERIES,Sedan,Electric," $92,986.00 "," $74,624.00 ",231, $0.97 ,6.29,1.2,7,704," $65,462,144.00 "," $65,387,520.00 "
2018,Aug,Japan,7 SERIES,Sedan,Hybrid," $73,762.00 "," $243,587.00 ",165, $0.97 ,6.29,1.2,9,332," $24,488,984.00 "," $24,245,397.00 "
2016,Feb,Brazil,5 SERIES,Sedan,Electric," $58,600.00 "," $284,784.00 ",151, $0.97 ,6.29,1.2,8,654," $38,324,400.00 "," $38,039,616.00 "
2017,May,India,X1,SUV,Diesel," $54,810.00 "," $96,705.00 ",167, $0.97 ,6.29,1.2,6,663," $36,339,030.00 "," $36,242,325.00 "
2017,Jan,China,I4,Sedan,Hybrid," $92,204.00 "," $139,326.00 ",335, $0.97 ,6.29,1.2,4,698," $64,358,392.00 "," $64,219,066.00 "
2018,Jul,Australia,3 SERIES,Sedan,Petrol," $55,085.00 "," $469,972.00 ",380, $0.97 ,6.29,1.2,1,880," $48,474,800.00 "," $48,004,828.00 "
2018,Aug,France,3 SERIES,Sedan,Hybrid," $81,854.00 "," $372,534.00 ",353, $0.97 ,6.29,1.2,6,887," $72,604,498.00 "," $72,231,964.00 "
2024,Jun,UK,X3,SUV,Diesel," $109,797.00 "," $118,369.00 ",271, $0.97 ,6.29,1.2,3,720," $79,053,840.00 "," $78,935,471.00 "
2019,May,China,X3,SUV,Petrol," $119,269.00 "," $251,893.00 ",292, $0.97 ,6.29,1.2,6,910," $108,534,790.00 "," $108,282,897.00 "
2018,Jun,Australia,3 SERIES,Sedan,Hybrid," $74,779.00 "," $321,733.00 ",347, $0.97 ,6.29,1.2,6,726," $54,289,554.00 "," $53,967,821.00 "
2024,Feb,USA,X5,SUV,Petrol," $91,207.00 "," $163,012.00 ",353, $0.97 ,6.29,1.2,4,821," $74,880,947.00 "," $74,717,935.00 "
2022,Jan,Brazil,3 SERIES,Sedan,Petrol," $68,980.00 "," $457,332.00 ",238, $0.97 ,6.29,1.2,2,710," $48,975,800.00 "," $48,518,468.00 "
2020,Jul,USA,X3,SUV,Diesel," $91,117.00 "," $385,325.00 ",385, $0.97 ,6.29,1.2,9,1036," $94,397,212.00 "," $94,011,887.00 "
2020,Jul,Australia,I7,Sedan,Petrol," $49,141.00 "," $225,858.00 ",289, $0.97 ,6.29,1.2,2,648," $31,843,368.00 "," $31,617,510.00 "
2022,Oct,China,X3,SUV,Electric," $44,344.00 "," $275,758.00 ",367, $0.97 ,6.29,1.2,3,783," $34,721,352.00 "," $34,445,594.00 "
2021,Nov,Brazil,X5,SUV,Diesel," $50,896.00 "," $173,711.00 ",299, $0.97 ,6.29,1.2,10,668," $33,998,528.00 "," $33,824,817.00 "
2024,Oct,UK,I4,Sedan,Electric," $64,813.00 "," $126,425.00 ",177, $0.97 ,6.29,1.2,1,570," $36,943,410.00 "," $36,816,985.00 "
2024,Feb,India,3 SERIES,Sedan,Petrol," $119,431.00 "," $473,502.00 ",56, $0.97 ,6.29,1.2,7,433," $51,713,623.00 "," $51,240,121.00 "
2022,Feb,Brazil,5 SERIES,Sedan,Electric," $100,679.00 "," $65,994.00 ",212, $0.97 ,6.29,1.2,1,614," $61,816,906.00 "," $61,750,912.00 "
2016,Jan,Brazil,I7,Sedan,Hybrid," $45,681.00 "," $161,915.00 ",223, $0.97 ,6.29,1.2,9,511," $23,342,991.00 "," $23,181,076.00 "
2023,Oct,China,7 SERIES,Sedan,Petrol," $107,903.00 "," $435,105.00 ",255, $0.97 ,6.29,1.2,1,891," $96,141,573.00 "," $95,706,468.00 "
,,,,,,,,,,,,,,,
,,,,,,,,,,,,,,,
,,,,,,,,,,,,,,,
Model,Segment,,,,,,,,,,,,,,
X1,SUV,,,,,,,,,,,,,,
I4,Sedan,,,,,,,,,,,,,,
5 SERIES,Sedan,,,,,,,,,,,,,,
I7,Sedan,Electric,,,,,,,,,,,,,
X5,SUV,,,,,,,,,,,,,,
X7,SUV,,,,,,,,,,,,,,
3 SERIES,Sedan,,,,,,,,,,,,,,
7 SERIES,Sedan,,,,,,,,,,,,,,
X3,SUV,,,,,,,,,State,Revenue,Expense,,,
IX,SUV,Electric,,,,,,,,Seattle,70,20,,,
,,,,,,,,,,Berlin,85,55,,,
,,,,,,,,,,London,60,40,,,
,,,,,,,,,,Paris,35,60,,,
,,,,,,,,,,Tokyo,80,20,,,
